"Date","Price","Open","High","Low","Vol.","Change %"
"07/03/2023","0.6796","0.6778","0.6797","0.6776","","0.26%"
"07/02/2023","0.6778","0.6777","0.6780","0.6776","","0.05%"
"06/30/2023","0.6775","0.6786","0.6802","0.6762","","-0.12%"
"06/29/2023","0.6783","0.6773","0.6790","0.6758","","0.18%"
"06/28/2023","0.6771","0.6762","0.6783","0.6751","","0.16%"
"06/27/2023","0.6760","0.6776","0.6788","0.6758","","-0.19%"
"06/26/2023","0.6773","0.6788","0.6793","0.6768","","-0.24%"
"06/23/2023","0.6789","0.6786","0.6820","0.6774","","0.09%"
"06/22/2023","0.6783","0.6791","0.6796","0.6772","","-0.09%"
"06/21/2023","0.6789","0.6818","0.6824","0.6787","","-0.41%"
"06/20/2023","0.6817","0.6827","0.6831","0.6807","","-0.13%"
"06/19/2023","0.6826","0.6837","0.6841","0.6822","","-0.09%"
"06/16/2023","0.6832","0.6837","0.6844","0.6824","","-0.03%"
"06/15/2023","0.6834","0.6884","0.6890","0.6830","","-0.65%"
"06/14/2023","0.6879","0.6904","0.6913","0.6873","","-0.32%"
"06/13/2023","0.6901","0.6919","0.6921","0.6899","","-0.25%"
"06/12/2023","0.6918","0.6924","0.6931","0.6906","","-0.06%"
"06/09/2023","0.6922","0.6908","0.6928","0.6902","","0.23%"
"06/08/2023","0.6906","0.6931","0.6934","0.6902","","-0.32%"
"06/07/2023","0.6928","0.6935","0.6947","0.6923","","-0.07%"
"06/06/2023","0.6933","0.6917","0.6944","0.6911","","0.25%"
"06/05/2023","0.6916","0.6915","0.6931","0.6910","","0.04%"
"06/02/2023","0.6913","0.6895","0.6926","0.6891","","0.29%"
"06/01/2023","0.6893","0.6920","0.6928","0.6892","","-0.38%"
"05/31/2023","0.6919","0.6898","0.6935","0.6892","","0.33%"
"05/30/2023","0.6896","0.6899","0.6916","0.6890","","-0.03%"
"05/29/2023","0.6898","0.6895","0.6902","0.6885","","0.07%"
"05/26/2023","0.6893","0.6886","0.6907","0.6879","","0.13%"
"05/25/2023","0.6884","0.6894","0.6898","0.6881","","-0.09%"
"05/24/2023","0.6890","0.6891","0.6902","0.6876","","0.00%"
"05/23/2023","0.6890","0.6869","0.6897","0.6866","","0.36%"
"05/22/2023","0.6865","0.6880","0.6886","0.6866","","-0.22%"
"05/19/2023","0.6880","0.6889","0.6894","0.6869","","-0.10%"
"05/18/2023","0.6887","0.6874","0.6892","0.6869","","0.22%"
"05/17/2023","0.6872","0.6869","0.6888","0.6858","","0.09%"
"05/16/2023","0.6866","0.6882","0.6885","0.6865","","-0.22%"
"05/15/2023","0.6881","0.6889","0.6892","0.6866","","-0.03%"
"05/12/2023","0.6883","0.6880","0.6890","0.6862","","0.09%"
"05/11/2023","0.6877","0.6873","0.6895","0.6867","","0.10%"
"05/10/2023","0.6870","0.6872","0.6883","0.6859","","0.01%"
"05/09/2023","0.6869","0.6859","0.6880","0.6857","","0.16%"
"05/08/2023","0.6858","0.6841","0.6863","0.6829","","0.15%"
"05/05/2023","0.6848","0.6837","0.6866","0.6831","","0.19%"
"05/04/2023","0.6835","0.6797","0.6852","0.6787","","0.60%"
"05/03/2023","0.6794","0.6811","0.6812","0.6779","","-0.21%"
"05/02/2023","0.6808","0.6817","0.6837","0.6805","","-0.10%"
"05/01/2023","0.6815","0.6788","0.6826","0.6787","","0.31%"
"04/28/2023","0.6794","0.6791","0.6823","0.6781","","0.07%"
"04/27/2023","0.6789","0.6780","0.6801","0.6770","","0.16%"
"04/26/2023","0.6778","0.6808","0.6815","0.6758","","-0.43%"
"04/25/2023","0.6807","0.6788","0.6812","0.6774","","0.27%"
"04/24/2023","0.6789","0.6817","0.6824","0.6783","","-0.40%"
"04/21/2023","0.6816","0.6842","0.6849","0.6816","","-0.35%"
"04/20/2023","0.6840","0.6840","0.6855","0.6829","","0.03%"
"04/19/2023","0.6838","0.6840","0.6849","0.6826","","0.01%"
"04/18/2023","0.6837","0.6860","0.6864","0.6835","","-0.28%"
"04/17/2023","0.6856","0.6841","0.6867","0.6830","","0.35%"
"04/14/2023","0.6832","0.6849","0.6854","0.6809","","-0.23%"
"04/13/2023","0.6848","0.6848","0.6867","0.6835","","0.01%"
"04/12/2023","0.6847","0.6875","0.6883","0.6844","","-0.41%"
"04/11/2023","0.6875","0.6906","0.6912","0.6871","","-0.45%"
"04/10/2023","0.6906","0.6887","0.6924","0.6882","","0.31%"
"04/07/2023","0.6885","0.6881","0.6902","0.6878","","0.09%"
"04/06/2023","0.6879","0.6906","0.6913","0.6877","","-0.35%"
"04/05/2023","0.6903","0.6887","0.6910","0.6877","","0.28%"
"04/04/2023","0.6884","0.6916","0.6920","0.6874","","-0.42%"
"04/03/2023","0.6913","0.6927","0.6948","0.6899","","-0.23%"
"03/31/2023","0.6929","0.6906","0.6937","0.6898","","0.32%"
"03/30/2023","0.6907","0.6937","0.6953","0.6891","","-0.38%"
"03/29/2023","0.6933","0.6946","0.6951","0.6921","","-0.17%"
"03/28/2023","0.6945","0.6957","0.6968","0.6944","","-0.14%"
"03/27/2023","0.6955","0.6973","0.6978","0.6948","","-0.26%"
"03/24/2023","0.6973","0.6963","0.6995","0.6948","","0.22%"
"03/23/2023","0.6958","0.6921","0.6963","0.6901","","0.58%"
"03/22/2023","0.6918","0.6952","0.6956","0.6913","","-0.43%"
"03/21/2023","0.6948","0.6975","0.6978","0.6933","","-0.39%"
"03/20/2023","0.6975","0.6975","0.7005","0.6960","","-0.21%"
"03/17/2023","0.6990","0.6999","0.7017","0.6980","","-0.09%"
"03/16/2023","0.6996","0.6993","0.7028","0.6977","","0.09%"
"03/15/2023","0.6990","0.6927","0.7035","0.6921","","0.91%"
"03/14/2023","0.6927","0.6923","0.6951","0.6915","","0.12%"
"03/13/2023","0.6919","0.6962","0.6969","0.6908","","-0.62%"
"03/10/2023","0.6962","0.6983","0.6987","0.6933","","-0.26%"
"03/09/2023","0.6980","0.7005","0.7009","0.6977","","-0.31%"
"03/08/2023","0.7002","0.6999","0.7016","0.6993","","0.09%"
"03/07/2023","0.6996","0.6960","0.7002","0.6952","","0.50%"
"03/06/2023","0.6961","0.6992","0.7004","0.6956","","-0.43%"
"03/03/2023","0.6991","0.7002","0.7006","0.6989","","-0.13%"
"03/02/2023","0.7000","0.6984","0.7010","0.6970","","0.32%"
"03/01/2023","0.6978","0.7013","0.7017","0.6978","","-0.44%"
"02/28/2023","0.7009","0.7000","0.7015","0.6973","","0.20%"
"02/27/2023","0.6995","0.7028","0.7028","0.6992","","-0.36%"
"02/24/2023","0.7020","0.7028","0.7041","0.7017","","-0.09%"
"02/23/2023","0.7026","0.7035","0.7038","0.7009","","-0.10%"
"02/22/2023","0.7033","0.7005","0.7038","0.7000","","0.43%"
"02/21/2023","0.7003","0.7006","0.7017","0.6991","","-0.03%"
"02/20/2023","0.7005","0.6995","0.7016","0.6993","","0.16%"
"02/17/2023","0.6994","0.7012","0.7035","0.6988","","-0.26%"
"02/16/2023","0.7012","0.7003","0.7017","0.6988","","0.16%"
"02/15/2023","0.7001","0.7012","0.7014","0.6987","","-0.13%"
"02/14/2023","0.7010","0.7020","0.7025","0.6990","","-0.10%"
"02/13/2023","0.7017","0.7038","0.7046","0.7009","","-0.28%"
"02/10/2023","0.7037","0.7024","0.7052","0.7017","","0.21%"
"02/09/2023","0.7022","0.7041","0.7043","0.7014","","-0.21%"
"02/08/2023","0.7037","0.7041","0.7043","0.7022","","-0.01%"
"02/07/2023","0.7038","0.7020","0.7059","0.7014","","0.34%"
"02/06/2023","0.7014","0.7003","0.7031","0.6987","","0.26%"
"02/03/2023","0.6996","0.6999","0.7031","0.6973","","0.03%"
"02/02/2023","0.6994","0.6966","0.7009","0.6945","","0.45%"
"02/01/2023","0.6963","0.7006","0.7012","0.6949","","-0.60%"
"01/31/2023","0.7005","0.7012","0.7032","0.6996","","-0.09%"
"01/30/2023","0.7011","0.7008","0.7019","0.6983","","0.09%"
"01/27/2023","0.7005","0.6998","0.7029","0.6989","","0.11%"
"01/26/2023","0.6997","0.6975","0.7017","0.6972","","0.36%"
"01/25/2023","0.6972","0.6960","0.7002","0.6953","112.22K","0.16%"
"01/24/2023","0.6961","0.6976","0.6981","0.6957","109.54K","-0.23%"
"01/23/2023","0.6977","0.6980","0.6987","0.6947","111.26K","-0.03%"
"01/20/2023","0.6979","0.6987","0.6999","0.6969","120.15K","-0.06%"
"01/19/2023","0.6983","0.7015","0.7026","0.6962","153.83K","-0.41%"
"01/18/2023","0.7012","0.7020","0.7024","0.6985","172.64K","-0.11%"
"01/17/2023","0.7020","0.6993","0.7024","0.6966","160.46K","0.37%"
"01/16/2023","0.6994","0.6999","0.7008","0.6984","100.12K","-0.03%"
"01/13/2023","0.6996","0.6973","0.7007","0.6960","152.07K","0.40%"
"01/12/2023","0.6968","0.6987","0.7024","0.6960","149.01K","-0.23%"
"01/11/2023","0.6984","0.6995","0.7005","0.6971","134.15K","-0.13%"
"01/10/2023","0.6993","0.7009","0.7010","0.6986","148.96K","-0.14%"
"01/09/2023","0.7003","0.7037","0.7046","0.6996","140.55K","-0.44%"
"01/06/2023","0.7034","0.7064","0.7077","0.7030","151.99K","-0.38%"
"01/05/2023","0.7061","0.7034","0.7067","0.7014","136.70K","0.38%"
"01/04/2023","0.7034","0.7047","0.7060","0.7018","143.79K","-0.11%"
"01/03/2023","0.7042","0.6991","0.7060","0.6974","151.86K","0.79%"
"01/02/2023","0.6987","0.6971","0.7003","0.6966","36.41K","0.26%"
"12/30/2022","0.6969","0.6980","0.7003","0.6964","118.53K","-0.14%"
"12/29/2022","0.6979","0.6982","0.6987","0.6959","99.56K","0.00%"
"12/28/2022","0.6979","0.6974","0.6992","0.6960","97.52K","0.09%"
"12/27/2022","0.6973","0.6975","0.6996","0.6964","93.64K","0.00%"
"12/26/2022","0.6973","0.6969","0.6990","0.6949","20.04K","0.17%"
"12/23/2022","0.6961","0.6974","0.6998","0.6962","136.46K","-0.11%"
"12/22/2022","0.6969","0.6977","0.6985","0.6958","139.76K","-0.10%"
"12/21/2022","0.6976","0.6970","0.6984","0.6953","132.08K","0.09%"
"12/20/2022","0.6970","0.6947","0.6978","0.6931","195.02K","0.40%"
"12/19/2022","0.6942","0.6948","0.6963","0.6931","138.61K","-0.10%"
"12/16/2022","0.6949","0.6913","0.6955","0.6907","149.32K","0.55%"
"12/15/2022","0.6911","0.6949","0.6965","0.6888","148.60K","-0.53%"
"12/14/2022","0.6948","0.6982","0.6992","0.6937","152.44K","-0.46%"
"12/13/2022","0.6980","0.7006","0.7014","0.6933","118.26K","-0.33%"
"12/12/2022","0.7003","0.7020","0.7025","0.6987","105.06K","-0.17%"
"12/09/2022","0.7015","0.6996","0.7046","0.6989","120.97K","0.29%"
"12/08/2022","0.6995","0.7021","0.7027","0.6996","130.00K","-0.37%"
"12/07/2022","0.7021","0.7030","0.7046","0.6991","155.78K","-0.10%"
"12/06/2022","0.7028","0.7020","0.7035","0.7003","126.46K","0.19%"
"12/05/2022","0.7015","0.7034","0.7043","0.7003","132.41K","0.00%"
"12/02/2022","0.7015","0.7017","0.7075","0.7010","126.66K","-0.06%"
"12/01/2022","0.7019","0.7057","0.7084","0.7017","163.97K","-0.51%"
"11/30/2022","0.7055","0.7046","0.7091","0.7030","142.41K","0.17%"
"11/29/2022","0.7043","0.7012","0.7048","0.7004","120.63K","0.49%"
"11/28/2022","0.7009","0.6995","0.7017","0.6942","117.67K","0.23%"
"11/25/2022","0.6993","0.6986","0.7010","0.6975","101.79K","0.14%"
"11/24/2022","0.6983","0.6984","0.7004","0.6966","98.97K","0.00%"
"11/23/2022","0.6983","0.7043","0.7045","0.6974","111.11K","-0.82%"
"11/22/2022","0.7041","0.7064","0.7071","0.7038","126.21K","-0.31%"
"11/21/2022","0.7063","0.7043","0.7079","0.7037","136.05K","0.38%"
"11/18/2022","0.7036","0.7021","0.7052","0.7012","153.76K","0.24%"
"11/17/2022","0.7019","0.7020","0.7035","0.7010","165.64K","0.00%"
"11/16/2022","0.7019","0.7052","0.7057","0.7009","173.11K","-0.37%"
"11/15/2022","0.7045","0.7056","0.7078","0.6993","180.34K","-0.10%"
"11/14/2022","0.7052","0.7032","0.7075","0.7031","170.84K","0.20%"
"11/11/2022","0.7038","0.7086","0.7104","0.7030","190.54K","-0.66%"
"11/10/2022","0.7085","0.7120","0.7171","0.7079","198.28K","-0.45%"
"11/09/2022","0.7117","0.7097","0.7128","0.7090","178.02K","0.32%"
"11/08/2022","0.7094","0.7124","0.7140","0.7086","153.57K","-0.37%"
"11/07/2022","0.7120","0.7189","0.7197","0.7112","153.95K","-0.41%"
"11/04/2022","0.7149","0.7213","0.7247","0.7151","153.85K","-0.82%"
"11/03/2022","0.7208","0.7186","0.7225","0.7175","131.40K","0.36%"
"11/02/2022","0.7182","0.7156","0.7191","0.7128","132.00K","0.39%"
"11/01/2022","0.7154","0.7146","0.7167","0.7127","126.70K","0.18%"
"10/31/2022","0.7141","0.7126","0.7158","0.7104","118.63K","0.44%"
"10/28/2022","0.7110","0.7118","0.7130","0.7098","134.53K","-0.07%"
"10/27/2022","0.7115","0.7058","0.7129","0.7053","181.18K","0.85%"
"10/26/2022","0.7055","0.7084","0.7101","0.7052","146.16K","-0.35%"
"10/25/2022","0.7080","0.7121","0.7129","0.7074","129.16K","-0.52%"
"10/24/2022","0.7117","0.7161","0.7175","0.7110","163.06K","-0.61%"
"10/21/2022","0.7161","0.7177","0.7200","0.7150","169.86K","-0.18%"
"10/20/2022","0.7174","0.7179","0.7189","0.7153","159.40K","-0.01%"
"10/19/2022","0.7175","0.7143","0.7195","0.7132","145.54K","0.52%"
"10/18/2022","0.7138","0.7152","0.7171","0.7135","161.05K","-0.13%"
"10/17/2022","0.7147","0.7215","0.7219","0.7145","145.58K","-0.86%"
"10/14/2022","0.7209","0.7150","0.7227","0.7143","175.58K","0.87%"
"10/13/2022","0.7147","0.7179","0.7230","0.7124","156.18K","-0.39%"
"10/12/2022","0.7175","0.7161","0.7200","0.7143","151.27K","0.22%"
"10/11/2022","0.7159","0.7169","0.7176","0.7139","195.41K","-0.10%"
"10/10/2022","0.7166","0.7167","0.7185","0.7146","149.77K","0.10%"
"10/07/2022","0.7159","0.7146","0.7174","0.7131","141.94K","0.22%"
"10/06/2022","0.7143","0.7097","0.7149","0.7081","151.09K","0.66%"
"10/05/2022","0.7096","0.7037","0.7113","0.7032","151.50K","0.85%"
"10/04/2022","0.7036","0.7111","0.7122","0.7028","146.14K","-1.00%"
"10/03/2022","0.7107","0.7109","0.7145","0.7094","171.81K","0.03%"
"09/30/2022","0.7105","0.7110","0.7157","0.7093","163.23K","-0.03%"
"09/29/2022","0.7107","0.7161","0.7189","0.7109","173.56K","-0.70%"
"09/28/2022","0.7157","0.7243","0.7258","0.7153","183.16K","-1.15%"
"09/27/2022","0.7240","0.7235","0.7257","0.7208","166.90K","0.08%"
"09/26/2022","0.7234","0.7210","0.7278","0.7189","183.82K","0.37%"
"09/23/2022","0.7207","0.7166","0.7228","0.7159","150.53K","0.56%"
"09/22/2022","0.7167","0.7172","0.7181","0.7128","171.06K","-0.06%"
"09/21/2022","0.7171","0.7113","0.7182","0.7103","144.46K","0.84%"
"09/20/2022","0.7111","0.7087","0.7122","0.7070","117.13K","0.35%"
"09/19/2022","0.7086","0.7104","0.7124","0.7083","100.19K","-0.14%"
"09/16/2022","0.7096","0.7096","0.7132","0.7083","120.40K","0.04%"
"09/15/2022","0.7093","0.7127","0.7143","0.7091","115.93K","-0.41%"
"09/14/2022","0.7122","0.7128","0.7145","0.7108","143.04K","-0.07%"
"09/13/2022","0.7127","0.7075","0.7132","0.7041","125.70K","0.76%"
"09/12/2022","0.7073","0.7093","0.7111","0.7024","104.10K","-0.63%"
"09/09/2022","0.7118","0.7120","0.7125","0.7079","134.45K","0.01%"
"09/08/2022","0.7117","0.7121","0.7153","0.7098","144.24K","-0.01%"
"09/07/2022","0.7118","0.7178","0.7187","0.7113","134.70K","-0.81%"
"09/06/2022","0.7176","0.7177","0.7204","0.7133","160.06K","0.03%"
"09/05/2022","0.7174","0.7171","0.7203","0.7161","106.10K","0.11%"
"09/02/2022","0.7166","0.7168","0.7172","0.7118","116.53K","0.00%"
"09/01/2022","0.7166","0.7117","0.7192","0.7110","139.78K","0.77%"
"08/31/2022","0.7111","0.7143","0.7171","0.7112","139.63K","-0.42%"
"08/30/2022","0.7141","0.7167","0.7171","0.7131","143.03K","-0.31%"
"08/29/2022","0.7163","0.7186","0.7208","0.7147","106.36K","-0.47%"
"08/26/2022","0.7197","0.7218","0.7224","0.7146","115.28K","-0.26%"
"08/25/2022","0.7216","0.7197","0.7227","0.7174","135.70K","0.28%"
"08/24/2022","0.7196","0.7205","0.7226","0.7181","120.14K","-0.08%"
"08/23/2022","0.7202","0.7193","0.7228","0.7182","133.57K","0.15%"
"08/22/2022","0.7191","0.7164","0.7207","0.7145","131.59K","0.50%"
"08/19/2022","0.7155","0.7150","0.7166","0.7135","125.01K","0.10%"
"08/18/2022","0.7148","0.7112","0.7158","0.7097","123.92K","0.58%"
"08/17/2022","0.7107","0.7131","0.7138","0.7095","141.81K","-0.29%"
"08/16/2022","0.7128","0.7135","0.7158","0.7115","103.37K","-0.07%"
"08/15/2022","0.7133","0.7105","0.7144","0.7102","101.89K","0.41%"
"08/12/2022","0.7104","0.7077","0.7119","0.7066","117.62K","0.45%"
"08/11/2022","0.7072","0.7088","0.7095","0.7057","132.16K","-0.18%"
"08/10/2022","0.7085","0.7102","0.7114","0.7049","130.52K","-0.21%"
"08/09/2022","0.7100","0.7113","0.7119","0.7082","115.63K","-0.14%"
"08/08/2022","0.7110","0.7108","0.7124","0.7099","99.76K","0.06%"
"08/05/2022","0.7106","0.7090","0.7136","0.7086","128.15K","0.27%"
"08/04/2022","0.7087","0.7125","0.7135","0.7086","123.94K","-0.51%"
"08/03/2022","0.7123","0.7117","0.7143","0.7099","127.37K","0.14%"
"08/02/2022","0.7113","0.7074","0.7118","0.7057","154.75K","0.55%"
"08/01/2022","0.7074","0.7084","0.7104","0.7070","130.40K","-0.14%"
"07/29/2022","0.7084","0.7107","0.7120","0.7077","129.85K","-0.31%"
"07/28/2022","0.7106","0.7089","0.7145","0.7075","153.22K","0.32%"
"07/27/2022","0.7083","0.7114","0.7134","0.7074","118.18K","-0.39%"
"07/26/2022","0.7111","0.7057","0.7120","0.7045","118.73K","0.82%"
"07/25/2022","0.7053","0.7056","0.7085","0.7039","114.07K","-0.01%"
"07/22/2022","0.7054","0.7035","0.7093","0.7031","116.27K","0.31%"
"07/21/2022","0.7032","0.7052","0.7062","0.6997","146.88K","-0.24%"
"07/20/2022","0.7049","0.7027","0.7063","0.6994","131.63K","0.36%"
"07/19/2022","0.7024","0.7056","0.7077","0.6993","123.20K","-0.43%"
"07/18/2022","0.7054","0.7078","0.7092","0.7029","115.38K","-0.32%"
"07/15/2022","0.7077","0.7111","0.7121","0.7076","122.21K","-0.45%"
"07/14/2022","0.7109","0.7077","0.7160","0.7071","141.95K","0.51%"
"07/13/2022","0.7073","0.7077","0.7113","0.7039","129.94K","0.00%"
"07/12/2022","0.7073","0.7085","0.7106","0.7060","127.37K","-0.11%"
"07/11/2022","0.7081","0.7031","0.7089","0.7016","113.05K","0.88%"
"07/08/2022","0.7019","0.7026","0.7068","0.7013","134.91K","-0.10%"
"07/07/2022","0.7026","0.6991","0.7039","0.6982","128.60K","0.54%"
"07/06/2022","0.6988","0.6930","0.7001","0.6926","143.45K","0.88%"
"07/05/2022","0.6927","0.6876","0.6947","0.6856","129.55K","0.83%"
"07/04/2022","0.6870","0.6870","0.6877","0.6848","97.90K","0.07%"
"07/01/2022","0.6865","0.6862","0.6897","0.6849","108.40K","0.06%"
"06/30/2022","0.6861","0.6872","0.6911","0.6859","123.30K","-0.12%"
"06/29/2022","0.6869","0.6851","0.6878","0.6834","125.94K","0.31%"
"06/28/2022","0.6848","0.6816","0.6862","0.6810","132.70K","0.48%"
"06/27/2022","0.6815","0.6836","0.6841","0.6806","123.19K","-0.25%"
"06/24/2022","0.6832","0.6832","0.6848","0.6822","128.34K","0.04%"
"06/23/2022","0.6829","0.6826","0.6861","0.6803","154.13K","0.12%"
"06/22/2022","0.6821","0.6856","0.6871","0.6798","124.91K","-0.48%"
"06/21/2022","0.6854","0.6851","0.6869","0.6824","117.86K","0.09%"
"06/20/2022","0.6848","0.6870","0.6870","0.6835","109.15K","0.03%"
"06/17/2022","0.6846","0.6852","0.6884","0.6845","128.80K","-0.04%"
"06/16/2022","0.6849","0.6907","0.6934","0.6823","192.01K","-0.81%"
"06/15/2022","0.6905","0.6889","0.6925","0.6844","156.53K","0.28%"
"06/14/2022","0.6886","0.6888","0.6905","0.6864","134.02K","0.03%"
"06/13/2022","0.6884","0.6852","0.6895","0.6839","118.83K","0.56%"
"06/10/2022","0.6846","0.6810","0.6866","0.6805","111.60K","0.56%"
"06/09/2022","0.6808","0.6783","0.6816","0.6748","115.30K","0.44%"
"06/08/2022","0.6778","0.6801","0.6814","0.6765","89.83K","-0.29%"
"06/07/2022","0.6798","0.6793","0.6817","0.6782","94.43K","0.10%"
"06/06/2022","0.6791","0.6777","0.6802","0.6773","90.35K","0.19%"
"06/03/2022","0.6778","0.6791","0.6795","0.6771","67.37K","-0.13%"
"06/02/2022","0.6787","0.6832","0.6833","0.6785","88.99K","-0.60%"
"06/01/2022","0.6828","0.6801","0.6841","0.6786","95.53K","0.47%"
"05/31/2022","0.6796","0.6787","0.6824","0.6784","110.13K","0.18%"
"05/30/2022","0.6784","0.6804","0.6813","0.6784","80.90K","-0.32%"
"05/27/2022","0.6806","0.6791","0.6824","0.6776","96.59K","0.25%"
"05/26/2022","0.6789","0.6808","0.6816","0.6784","102.25K","-0.25%"
"05/25/2022","0.6806","0.6790","0.6824","0.6788","120.84K","0.28%"
"05/24/2022","0.6787","0.6813","0.6825","0.6783","115.26K","-0.35%"
"05/23/2022","0.6811","0.6852","0.6871","0.6806","114.86K","-0.64%"
"05/20/2022","0.6855","0.6837","0.6874","0.6837","126.73K","0.29%"
"05/19/2022","0.6835","0.6862","0.6878","0.6833","132.57K","-0.38%"
"05/18/2022","0.6861","0.6845","0.6874","0.6837","119.54K","0.28%"
"05/17/2022","0.6842","0.6888","0.6899","0.6842","120.89K","-0.62%"
"05/16/2022","0.6885","0.6901","0.6909","0.6873","104.50K","-0.12%"
"05/13/2022","0.6893","0.6896","0.6913","0.6882","123.09K","0.01%"
"05/12/2022","0.6892","0.6846","0.6913","0.6820","151.10K","0.73%"
"05/11/2022","0.6842","0.6829","0.6867","0.6819","150.58K","0.23%"
"05/10/2022","0.6826","0.6812","0.6834","0.6793","111.74K","0.23%"
"05/09/2022","0.6810","0.6838","0.6851","0.6801","104.04K","-0.38%"
"05/06/2022","0.6836","0.6852","0.6872","0.6816","129.88K","-0.22%"
"05/05/2022","0.6851","0.6850","0.6883","0.6842","124.39K","0.03%"
"05/04/2022","0.6849","0.6867","0.6884","0.6842","98.06K","-0.23%"
"05/03/2022","0.6865","0.6870","0.6878","0.6837","102.38K","-0.06%"
"05/02/2022","0.6869","0.6855","0.6872","0.6832","78.79K","0.25%"
"04/29/2022","0.6852","0.6870","0.6889","0.6844","127.06K","-0.19%"
"04/28/2022","0.6865","0.6856","0.6877","0.6836","131.05K","0.18%"
"04/27/2022","0.6853","0.6817","0.6887","0.6809","127.07K","0.56%"
"04/26/2022","0.6815","0.6791","0.6823","0.6784","125.76K","0.38%"
"04/25/2022","0.6789","0.6727","0.6798","0.6727","137.76K","0.50%"
"04/22/2022","0.6755","0.6763","0.6788","0.6745","108.74K","-0.09%"
"04/21/2022","0.6761","0.6759","0.6776","0.6720","118.95K","0.09%"
"04/20/2022","0.6755","0.6776","0.6780","0.6746","114.94K","-0.28%"
"04/19/2022","0.6774","0.6811","0.6816","0.6766","105.08K","-0.50%"
"04/18/2022","0.6808","0.6822","0.6826","0.6798","52.18K","-0.16%"
"04/15/2022","0.6819","0.6809","0.6823","0.6801","49.91K","0.19%"
"04/14/2022","0.6806","0.6741","0.6838","0.6737","116.49K","0.98%"
"04/13/2022","0.6740","0.6771","0.6780","0.6731","91.58K","-0.43%"
"04/12/2022","0.6769","0.6732","0.6776","0.6727","75.26K","0.58%"
"04/11/2022","0.6730","0.6705","0.6742","0.6695","80.94K","-0.12%"
"04/08/2022","0.6738","0.6751","0.6765","0.6737","73.32K","-0.19%"
"04/07/2022","0.6751","0.6748","0.6762","0.6721","80.47K","0.07%"
"04/06/2022","0.6746","0.6745","0.6758","0.6729","76.79K","0.04%"
"04/05/2022","0.6743","0.6718","0.6751","0.6712","66.09K","0.40%"
"04/04/2022","0.6716","0.6667","0.6724","0.6666","86.15K","0.75%"
"04/01/2022","0.6666","0.6669","0.6682","0.6657","117.17K","0.00%"
"03/31/2022","0.6666","0.6626","0.6672","0.6610","99.48K","0.63%"
"03/30/2022","0.6624","0.6649","0.6654","0.6617","105.39K","-0.35%"
"03/29/2022","0.6647","0.6692","0.6697","0.6621","110.57K","-0.63%"
"03/28/2022","0.6689","0.6705","0.6715","0.6680","77.56K","-0.19%"
"03/25/2022","0.6702","0.6699","0.6708","0.6679","71.49K","0.07%"
"03/24/2022","0.6697","0.6694","0.6715","0.6686","71.11K","0.09%"
"03/23/2022","0.6691","0.6684","0.6717","0.6668","85.12K","0.16%"
"03/22/2022","0.6680","0.6685","0.6713","0.6673","92.50K","-0.06%"
"03/21/2022","0.6684","0.6672","0.6691","0.6663","87.32K","0.13%"
"03/18/2022","0.6675","0.6661","0.6693","0.6644","82.32K","0.26%"
"03/17/2022","0.6658","0.6668","0.6689","0.6635","102.36K","-0.16%"
"03/16/2022","0.6669","0.6683","0.6701","0.6662","111.87K","-0.18%"
"03/15/2022","0.6681","0.6686","0.6696","0.6644","108.75K","-0.06%"
"03/14/2022","0.6685","0.6718","0.6723","0.6669","95.98K","-0.43%"
"03/11/2022","0.6714","0.6698","0.6732","0.6661","118.70K","0.28%"
"03/10/2022","0.6695","0.6648","0.6704","0.6623","122.79K","0.74%"
"03/09/2022","0.6646","0.6717","0.6726","0.6635","134.99K","-1.01%"
"03/08/2022","0.6714","0.6763","0.6766","0.6694","138.78K","-0.70%"
"03/07/2022","0.6761","0.6727","0.6782","0.6711","133.51K","0.54%"
"03/04/2022","0.6725","0.6661","0.6744","0.6658","115.84K","0.98%"
"03/03/2022","0.6660","0.6640","0.6672","0.6636","108.19K","0.33%"
"03/02/2022","0.6638","0.6620","0.6658","0.6615","111.16K","0.32%"
"03/01/2022","0.6617","0.6578","0.6640","0.6573","117.38K","0.64%"
"02/28/2022","0.6575","0.6608","0.6634","0.6555","120.56K","0.35%"
"02/25/2022","0.6552","0.6593","0.6615","0.6550","115.70K","-0.56%"
"02/24/2022","0.6589","0.6564","0.6621","0.6564","146.02K","0.40%"
"02/23/2022","0.6563","0.6561","0.6574","0.6546","88.74K","0.05%"
"02/22/2022","0.6560","0.6568","0.6575","0.6539","115.78K","-0.11%"
"02/21/2022","0.6567","0.6558","0.6569","0.6529","73.16K","0.12%"
"02/18/2022","0.6559","0.6551","0.6567","0.6537","91.11K","0.12%"
"02/17/2022","0.6551","0.6543","0.6565","0.6534","115.65K","0.17%"
"02/16/2022","0.6540","0.6546","0.6554","0.6531","94.81K","-0.08%"
"02/15/2022","0.6545","0.6567","0.6569","0.6540","98.74K","-0.29%"
"02/14/2022","0.6564","0.6543","0.6575","0.6530","108.19K","0.44%"
"02/11/2022","0.6535","0.6507","0.6553","0.6503","112.00K","0.45%"
"02/10/2022","0.6506","0.6521","0.6539","0.6486","111.40K","-0.25%"
"02/09/2022","0.6522","0.6513","0.6527","0.6506","84.76K","0.17%"
"02/08/2022","0.6511","0.6504","0.6525","0.6500","127.67K","0.15%"
"02/07/2022","0.6501","0.6489","0.6515","0.6478","101.52K","0.20%"
"02/04/2022","0.6488","0.6505","0.6511","0.6475","116.16K","-0.22%"
"02/03/2022","0.6502","0.6567","0.6583","0.6499","93.21K","-0.94%"
"02/02/2022","0.6564","0.6579","0.6582","0.6551","68.30K","-0.18%"
"02/01/2022","0.6576","0.6587","0.6596","0.6571","74.88K","-0.14%"
"01/31/2022","0.6585","0.6622","0.6625","0.6581","81.26K","-0.53%"
"01/28/2022","0.6620","0.6632","0.6636","0.6604","89.70K","-0.15%"
"01/27/2022","0.6630","0.6601","0.6639","0.6590","93.90K","0.47%"
"01/26/2022","0.6599","0.6582","0.6605","0.6578","82.57K","0.30%"
"01/25/2022","0.6579","0.6561","0.6604","0.6556","92.27K","0.30%"
"01/24/2022","0.6559","0.6557","0.6579","0.6551","117.27K","0.09%"
"01/21/2022","0.6553","0.6561","0.6569","0.6548","91.87K","-0.09%"
"01/20/2022","0.6559","0.6541","0.6571","0.6532","94.78K","0.34%"
"01/19/2022","0.6537","0.6538","0.6547","0.6526","110.80K","0.09%"
"01/18/2022","0.6531","0.6503","0.6542","0.6497","131.97K","0.51%"
"01/17/2022","0.6498","0.6502","0.6510","0.6486","80.27K","-0.02%"
"01/14/2022","0.6499","0.6485","0.6504","0.6474","86.56K","0.25%"
"01/13/2022","0.6483","0.6494","0.6496","0.6476","80.72K","-0.12%"
"01/12/2022","0.6491","0.6515","0.6520","0.6486","77.41K","-0.35%"
"01/11/2022","0.6514","0.6509","0.6526","0.6504","73.99K","0.12%"
"01/10/2022","0.6506","0.6492","0.6528","0.6490","72.34K","0.25%"
"01/07/2022","0.6490","0.6507","0.6518","0.6489","59.37K","-0.23%"
"01/06/2022","0.6505","0.6510","0.6517","0.6488","82.39K","-0.03%"
"01/05/2022","0.6507","0.6535","0.6540","0.6508","60.91K","-0.38%"
"01/04/2022","0.6532","0.6539","0.6542","0.6521","62.09K","-0.08%"
"01/03/2022","0.6537","0.6518","0.6549","0.6514","46.77K","0.32%"
"12/31/2021","0.6516","0.6531","0.6553","0.6511","37.98K","-0.18%"
"12/30/2021","0.6528","0.6515","0.6541","0.6513","48.63K","0.23%"
"12/29/2021","0.6513","0.6531","0.6550","0.6507","54.00K","-0.20%"
"12/28/2021","0.6526","0.6506","0.6538","0.6503","54.80K","0.35%"
"12/27/2021","0.6503","0.6499","0.6520","0.6496","47.90K","0.12%"
"12/24/2021","0.6495","0.6496","0.6521","0.6489","59.00K","-0.02%"
"12/23/2021","0.6496","0.6485","0.6513","0.6472","71.47K","0.25%"
"12/22/2021","0.6480","0.6499","0.6506","0.6468","76.53K","-0.22%"
"12/21/2021","0.6494","0.6490","0.6506","0.6481","88.42K","0.12%"
"12/20/2021","0.6486","0.6506","0.6514","0.6474","97.67K","-0.29%"
"12/17/2021","0.6505","0.6474","0.6510","0.6459","85.80K","0.51%"
"12/16/2021","0.6472","0.6490","0.6493","0.6457","88.43K","-0.25%"
"12/15/2021","0.6488","0.6482","0.6504","0.6477","119.11K","0.12%"
"12/14/2021","0.6480","0.6481","0.6487","0.6457","166.25K","0.03%"
"12/13/2021","0.6478","0.6479","0.6494","0.6467","89.07K","0.00%"
"12/10/2021","0.6478","0.6489","0.6500","0.6475","105.14K","-0.14%"
"12/09/2021","0.6487","0.6479","0.6494","0.6467","96.26K","0.15%"
"12/08/2021","0.6477","0.6498","0.6503","0.6468","161.99K","-0.26%"
"12/07/2021","0.6494","0.6472","0.6511","0.6465","172.74K","0.37%"
"12/06/2021","0.6470","0.6439","0.6479","0.6439","109.45K","0.48%"
"12/03/2021","0.6439","0.6461","0.6472","0.6440","101.75K","-0.33%"
"12/02/2021","0.6460","0.6469","0.6477","0.6444","107.64K","-0.11%"
"12/01/2021","0.6467","0.6464","0.6485","0.6457","144.55K","0.08%"
"11/30/2021","0.6462","0.6468","0.6485","0.6432","154.94K","-0.08%"
"11/29/2021","0.6467","0.6444","0.6486","0.6440","104.12K","0.42%"
"11/26/2021","0.6440","0.6522","0.6526","0.6436","141.19K","-1.23%"
"11/25/2021","0.6520","0.6528","0.6528","0.6510","91.64K","-0.08%"
"11/24/2021","0.6525","0.6511","0.6533","0.6506","103.76K","0.26%"
"11/23/2021","0.6508","0.6525","0.6527","0.6495","114.05K","-0.23%"
"11/22/2021","0.6523","0.6507","0.6528","0.6501","150.37K","0.28%"
"11/19/2021","0.6505","0.6482","0.6526","0.6479","80.72K","0.35%"
"11/18/2021","0.6482","0.6517","0.6521","0.6480","119.30K","-0.51%"
"11/17/2021","0.6515","0.6509","0.6529","0.6503","102.24K","0.12%"
"11/16/2021","0.6507","0.6499","0.6514","0.6489","92.34K","0.14%"
"11/15/2021","0.6498","0.6458","0.6503","0.6453","83.15K","0.70%"
"11/12/2021","0.6453","0.6446","0.6467","0.6443","81.83K","0.11%"
"11/11/2021","0.6446","0.6437","0.6453","0.6426","68.92K","0.16%"
"11/10/2021","0.6436","0.6404","0.6441","0.6398","95.92K","0.53%"
"11/09/2021","0.6402","0.6403","0.6416","0.6395","75.56K","0.02%"
"11/08/2021","0.6401","0.6402","0.6415","0.6399","82.72K","0.03%"
"11/05/2021","0.6399","0.6405","0.6421","0.6391","158.20K","-0.06%"
"11/04/2021","0.6403","0.6390","0.6415","0.6385","180.42K","0.25%"
"11/03/2021","0.6387","0.6401","0.6406","0.6380","178.38K","-0.19%"
"11/02/2021","0.6399","0.6388","0.6406","0.6387","164.32K","0.19%"
"11/01/2021","0.6387","0.6410","0.6417","0.6389","148.29K","-0.33%"
"10/29/2021","0.6408","0.6367","0.6424","0.6363","145.22K","0.68%"
"10/28/2021","0.6365","0.6392","0.6409","0.6363","164.36K","-0.36%"
"10/27/2021","0.6388","0.6395","0.6403","0.6380","154.44K","-0.09%"
"10/26/2021","0.6394","0.6396","0.6405","0.6389","147.30K","0.02%"
"10/25/2021","0.6393","0.6372","0.6400","0.6367","121.69K","0.42%"
"10/22/2021","0.6366","0.6384","0.6396","0.6368","73.59K","-0.24%"
"10/21/2021","0.6381","0.6389","0.6392","0.6374","75.60K","-0.08%"
"10/20/2021","0.6386","0.6391","0.6402","0.6385","72.70K","-0.05%"
"10/19/2021","0.6389","0.6382","0.6395","0.6378","68.93K","0.14%"
"10/18/2021","0.6380","0.6393","0.6403","0.6377","97.36K","-0.19%"
"10/15/2021","0.6392","0.6395","0.6401","0.6384","91.41K","-0.03%"
"10/14/2021","0.6394","0.6381","0.6400","0.6378","60.70K","0.24%"
"10/13/2021","0.6379","0.6392","0.6401","0.6376","100.34K","-0.16%"
"10/12/2021","0.6389","0.6386","0.6395","0.6373","67.85K","0.05%"
"10/11/2021","0.6386","0.6378","0.6393","0.6370","76.47K","0.17%"
"10/08/2021","0.6375","0.6374","0.6386","0.6367","74.20K","0.06%"
"10/07/2021","0.6371","0.6368","0.6375","0.6364","74.25K","0.09%"
"10/06/2021","0.6365","0.6351","0.6374","0.6346","89.51K","0.22%"
"10/05/2021","0.6351","0.6342","0.6359","0.6337","86.02K","0.17%"
"10/04/2021","0.6340","0.6359","0.6363","0.6335","67.61K","-0.24%"
"10/01/2021","0.6355","0.6360","0.6367","0.6343","65.17K","-0.05%"
"09/30/2021","0.6358","0.6337","0.6365","0.6327","90.84K","0.38%"
"09/29/2021","0.6334","0.6303","0.6338","0.6298","83.35K","0.52%"
"09/28/2021","0.6301","0.6316","0.6320","0.6294","90.94K","-0.22%"
"09/27/2021","0.6315","0.6306","0.6320","0.6298","74.95K","0.17%"
"09/24/2021","0.6304","0.6314","0.6319","0.6298","88.45K","-0.13%"
"09/23/2021","0.6312","0.6320","0.6334","0.6313","86.91K","-0.08%"
"09/22/2021","0.6317","0.6308","0.6320","0.6301","88.33K","0.19%"
"09/21/2021","0.6305","0.6306","0.6316","0.6301","80.18K","0.03%"
"09/20/2021","0.6303","0.6319","0.6324","0.6302","82.65K","-0.25%"
"09/17/2021","0.6319","0.6319","0.6328","0.6303","79.91K","0.08%"
"09/16/2021","0.6314","0.6312","0.6331","0.6307","103.83K","0.10%"
"09/15/2021","0.6308","0.6303","0.6317","0.6301","78.99K","0.10%"
"09/14/2021","0.6302","0.6309","0.6312","0.6293","82.86K","-0.10%"
"09/13/2021","0.6308","0.6310","0.6324","0.6303","64.02K","0.02%"
"09/10/2021","0.6307","0.6294","0.6319","0.6292","82.63K","0.25%"
"09/09/2021","0.6291","0.6288","0.6310","0.6281","80.86K","0.05%"
"09/08/2021","0.6288","0.6277","0.6292","0.6268","97.50K","0.21%"
"09/07/2021","0.6275","0.6276","0.6281","0.6261","89.52K","0.03%"
"09/06/2021","0.6273","0.6273","0.6283","0.6270","64.99K","0.05%"
"09/03/2021","0.6270","0.6271","0.6280","0.6264","99.99K","-0.03%"
"09/02/2021","0.6272","0.6281","0.6284","0.6271","72.64K","-0.13%"
"09/01/2021","0.6280","0.6295","0.6303","0.6274","88.71K","-0.22%"
"08/31/2021","0.6294","0.6301","0.6306","0.6282","86.32K","-0.06%"
"08/30/2021","0.6298","0.6299","0.6309","0.6287","62.33K","0.05%"
"08/27/2021","0.6295","0.6281","0.6306","0.6277","130.93K","0.25%"
"08/26/2021","0.6279","0.6277","0.6289","0.6274","92.48K","0.03%"
"08/25/2021","0.6277","0.6281","0.6298","0.6276","91.45K","-0.03%"
"08/24/2021","0.6279","0.6277","0.6288","0.6273","60.81K","0.06%"
"08/23/2021","0.6275","0.6277","0.6281","0.6269","68.27K","0.02%"
"08/20/2021","0.6274","0.6277","0.6289","0.6270","73.29K","0.00%"
"08/19/2021","0.6274","0.6276","0.6283","0.6267","91.69K","0.02%"
"08/18/2021","0.6273","0.6269","0.6281","0.6265","84.47K","0.10%"
"08/17/2021","0.6267","0.6263","0.6273","0.6244","80.09K","0.13%"
"08/16/2021","0.6259","0.6256","0.6266","0.6248","78.31K","0.00%"
"08/13/2021","0.6259","0.6280","0.6281","0.6252","72.76K","-0.29%"
"08/12/2021","0.6277","0.6284","0.6284","0.6270","85.70K","-0.06%"
"08/11/2021","0.6281","0.6277","0.6284","0.6272","76.50K","0.11%"
"08/10/2021","0.6274","0.6276","0.6284","0.6271","122.61K","0.02%"
"08/09/2021","0.6273","0.6280","0.6282","0.6267","89.66K","-0.03%"
"08/06/2021","0.6275","0.6253","0.6280","0.6251","79.52K","0.38%"
"08/05/2021","0.6251","0.6253","0.6261","0.6247","93.32K","0.00%"
"08/04/2021","0.6251","0.6237","0.6258","0.6234","85.95K","0.24%"
"08/03/2021","0.6236","0.6226","0.6240","0.6222","71.10K","0.21%"
"08/02/2021","0.6223","0.6223","0.6230","0.6218","58.86K","0.10%"
"07/30/2021","0.6217","0.6219","0.6231","0.6209","74.59K","0.00%"
"07/29/2021","0.6217","0.6226","0.6230","0.6213","94.39K","-0.08%"
"07/28/2021","0.6222","0.6220","0.6239","0.6217","112.24K","0.06%"
"07/27/2021","0.6218","0.6237","0.6245","0.6209","82.31K","-0.29%"
"07/26/2021","0.6236","0.6242","0.6249","0.6229","64.19K","-0.11%"
"07/23/2021","0.6243","0.6248","0.6259","0.6238","86.62K","-0.05%"
"07/22/2021","0.6246","0.6219","0.6255","0.6212","76.70K","0.48%"
"07/21/2021","0.6216","0.6217","0.6220","0.6205","77.71K","0.02%"
"07/20/2021","0.6215","0.6216","0.6223","0.6197","116.69K","0.02%"
"07/19/2021","0.6214","0.6238","0.6247","0.6208","93.85K","-0.38%"
"07/16/2021","0.6238","0.6248","0.6256","0.6240","86.88K","-0.13%"
"07/15/2021","0.6246","0.6241","0.6255","0.6236","90.94K","0.11%"
"07/14/2021","0.6239","0.6266","0.6267","0.6240","71.26K","-0.40%"
"07/13/2021","0.6264","0.6236","0.6266","0.6232","73.23K","0.48%"
"07/12/2021","0.6234","0.6234","0.6245","0.6230","88.11K","0.08%"
"07/09/2021","0.6229","0.6242","0.6245","0.6227","67.21K","-0.18%"
"07/08/2021","0.6240","0.6285","0.6290","0.6230","80.15K","-0.70%"
"07/07/2021","0.6284","0.6278","0.6289","0.6271","73.84K","0.13%"
"07/06/2021","0.6276","0.6266","0.6286","0.6258","107.08K","0.21%"
"07/05/2021","0.6263","0.6259","0.6270","0.6252","62.36K","0.14%"
"07/02/2021","0.6254","0.6257","0.6273","0.6249","78.44K","-0.02%"
"07/01/2021","0.6255","0.6268","0.6277","0.6252","64.94K","-0.19%"
"06/30/2021","0.6267","0.6248","0.6277","0.6244","74.73K","0.34%"
"06/29/2021","0.6246","0.6243","0.6258","0.6241","69.33K","0.08%"
"06/28/2021","0.6241","0.6244","0.6249","0.6233","62.65K","0.02%"
"06/25/2021","0.6240","0.6240","0.6248","0.6229","76.59K","0.03%"
"06/24/2021","0.6238","0.6228","0.6245","0.6223","91.51K","0.19%"
"06/23/2021","0.6226","0.6227","0.6237","0.6218","78.48K","0.03%"
"06/22/2021","0.6224","0.6252","0.6254","0.6226","91.40K","-0.42%"
"06/21/2021","0.6250","0.6259","0.6276","0.6238","126.34K","-0.14%"
"06/18/2021","0.6259","0.6255","0.6274","0.6251","122.40K","0.11%"
"06/17/2021","0.6252","0.6238","0.6259","0.6234","107.94K","0.22%"
"06/16/2021","0.6238","0.6213","0.6242","0.6209","97.47K","0.42%"
"06/15/2021","0.6212","0.6220","0.6227","0.6208","75.79K","-0.11%"
"06/14/2021","0.6219","0.6228","0.6234","0.6215","60.14K","-0.13%"
"06/11/2021","0.6227","0.6208","0.6236","0.6202","93.26K","0.35%"
"06/10/2021","0.6205","0.6201","0.6212","0.6192","95.87K","0.11%"
"06/09/2021","0.6198","0.6206","0.6208","0.6189","71.76K","-0.10%"
"06/08/2021","0.6204","0.6199","0.6211","0.6197","78.13K","0.10%"
"06/07/2021","0.6198","0.6206","0.6216","0.6195","63.06K","-0.08%"
"06/04/2021","0.6203","0.6209","0.6220","0.6199","80.62K","-0.10%"
"06/03/2021","0.6209","0.6192","0.6215","0.6189","78.61K","0.31%"
"06/02/2021","0.6190","0.6190","0.6208","0.6181","82.00K","0.03%"
"06/01/2021","0.6188","0.6189","0.6202","0.6175","92.12K","0.02%"
"05/31/2021","0.6187","0.6201","0.6206","0.6187","88.63K","-0.18%"
"05/28/2021","0.6198","0.6194","0.6219","0.6187","87.66K","0.11%"
"05/27/2021","0.6191","0.6190","0.6202","0.6186","110.92K","0.05%"
"05/26/2021","0.6188","0.6155","0.6197","0.6152","102.69K","0.55%"
"05/25/2021","0.6154","0.6166","0.6168","0.6146","116.34K","-0.15%"
"05/24/2021","0.6163","0.6165","0.6172","0.6153","104.58K","0.03%"
"05/21/2021","0.6161","0.6144","0.6172","0.6136","114.53K","0.33%"
"05/20/2021","0.6141","0.6158","0.6160","0.6143","118.44K","-0.21%"
"05/19/2021","0.6154","0.6154","0.6156","0.6134","114.93K","0.05%"
"05/18/2021","0.6151","0.6162","0.6175","0.6148","107.63K","-0.15%"
"05/17/2021","0.6160","0.6183","0.6186","0.6153","102.27K","-0.29%"
"05/14/2021","0.6178","0.6208","0.6210","0.6176","96.35K","-0.45%"
"05/13/2021","0.6206","0.6211","0.6214","0.6193","124.32K","-0.03%"
"05/12/2021","0.6208","0.6210","0.6227","0.6195","124.23K","0.00%"
"05/11/2021","0.6208","0.6219","0.6221","0.6194","140.24K","-0.14%"
"05/10/2021","0.6217","0.6208","0.6219","0.6198","129.16K","0.23%"
"05/07/2021","0.6203","0.6215","0.6229","0.6201","108.44K","-0.18%"
"05/06/2021","0.6214","0.6238","0.6240","0.6208","128.27K","-0.35%"
"05/05/2021","0.6236","0.6230","0.6242","0.6222","139.98K","0.16%"
"05/04/2021","0.6226","0.6234","0.6241","0.6216","132.42K","-0.11%"
"05/03/2021","0.6233","0.6248","0.6254","0.6227","85.84K","-0.29%"
"04/30/2021","0.6251","0.6222","0.6256","0.6216","111.97K","0.53%"
"04/29/2021","0.6218","0.6223","0.6230","0.6216","123.53K","-0.05%"
"04/28/2021","0.6221","0.6235","0.6252","0.6219","103.73K","-0.21%"
"04/27/2021","0.6234","0.6246","0.6252","0.6234","136.34K","-0.14%"
"04/26/2021","0.6243","0.6229","0.6251","0.6226","106.48K","0.26%"
"04/23/2021","0.6227","0.6261","0.6263","0.6229","114.50K","-0.51%"
"04/22/2021","0.6259","0.6252","0.6267","0.6241","133.39K","0.14%"
"04/21/2021","0.6250","0.6251","0.6266","0.6248","135.84K","0.00%"
"04/20/2021","0.6250","0.6242","0.6258","0.6238","130.88K","0.16%"
"04/19/2021","0.6240","0.6253","0.6280","0.6237","98.43K","-0.16%"
"04/16/2021","0.6250","0.6262","0.6265","0.6251","124.68K","-0.14%"
"04/15/2021","0.6259","0.6248","0.6265","0.6242","146.39K","0.22%"
"04/14/2021","0.6245","0.6240","0.6263","0.6237","132.08K","0.13%"
"04/13/2021","0.6237","0.6260","0.6270","0.6238","125.67K","-0.34%"
"04/12/2021","0.6258","0.6269","0.6277","0.6256","113.91K","-0.05%"
"04/09/2021","0.6261","0.6261","0.6280","0.6258","97.78K","0.03%"
"04/08/2021","0.6259","0.6282","0.6287","0.6257","100.29K","-0.29%"
"04/07/2021","0.6277","0.6286","0.6300","0.6269","121.45K","-0.16%"
"04/06/2021","0.6287","0.6309","0.6322","0.6287","118.63K","-0.32%"
"04/05/2021","0.6307","0.6317","0.6334","0.6306","47.55K","-0.10%"
"04/02/2021","0.6313","0.6315","0.6329","0.6309","58.20K","0.00%"
"04/01/2021","0.6313","0.6338","0.6345","0.6311","161.20K","-0.38%"
"03/31/2021","0.6337","0.6331","0.6345","0.6327","126.58K","0.13%"
"03/30/2021","0.6329","0.6306","0.6335","0.6296","89.74K","0.40%"
"03/29/2021","0.6304","0.6303","0.6314","0.6295","100.05K","0.06%"
"03/26/2021","0.6300","0.6301","0.6308","0.6292","151.32K","0.02%"
"03/25/2021","0.6299","0.6288","0.6305","0.6278","190.77K","0.21%"
"03/24/2021","0.6286","0.6276","0.6292","0.6265","228.25K","0.19%"
"03/23/2021","0.6274","0.6251","0.6281","0.6247","192.85K","0.42%"
"03/22/2021","0.6248","0.6260","0.6273","0.6244","163.62K","-0.18%"
"03/19/2021","0.6259","0.6247","0.6269","0.6237","198.42K","0.22%"
"03/18/2021","0.6245","0.6230","0.6249","0.6218","206.96K","0.29%"
"03/17/2021","0.6227","0.6244","0.6248","0.6217","202.07K","-0.27%"
"03/16/2021","0.6244","0.6228","0.6251","0.6219","196.09K","0.29%"
"03/15/2021","0.6226","0.6221","0.6237","0.6214","159.60K","0.13%"
"03/12/2021","0.6218","0.6230","0.6237","0.6218","208.50K","-0.14%"
"03/11/2021","0.6227","0.6238","0.6249","0.6223","207.80K","-0.13%"
"03/10/2021","0.6235","0.6255","0.6263","0.6237","184.95K","-0.26%"
"03/09/2021","0.6251","0.6252","0.6258","0.6240","193.89K","0.02%"
"03/08/2021","0.6250","0.6252","0.6260","0.6238","218.38K","0.00%"
"03/05/2021","0.6250","0.6248","0.6263","0.6241","228.44K","0.06%"
"03/04/2021","0.6246","0.6221","0.6253","0.6219","238.20K","0.45%"
"03/03/2021","0.6218","0.6217","0.6238","0.6211","200.15K","0.05%"
"03/02/2021","0.6215","0.6251","0.6255","0.6217","202.14K","-0.54%"
"03/01/2021","0.6249","0.6218","0.6260","0.6211","211.79K","0.53%"
"02/26/2021","0.6216","0.6197","0.6223","0.6188","196.95K","0.36%"
"02/25/2021","0.6194","0.6230","0.6237","0.6184","197.55K","-0.55%"
"02/24/2021","0.6228","0.6233","0.6252","0.6223","146.40K","-0.08%"
"02/23/2021","0.6233","0.6224","0.6241","0.6217","165.05K","0.18%"
"02/22/2021","0.6222","0.6231","0.6244","0.6218","130.48K","-0.10%"
"02/19/2021","0.6228","0.6236","0.6237","0.6219","145.77K","-0.10%"
"02/18/2021","0.6234","0.6252","0.6258","0.6229","142.74K","-0.27%"
"02/17/2021","0.6251","0.6223","0.6255","0.6219","152.67K","0.50%"
"02/16/2021","0.6220","0.6232","0.6236","0.6210","137.68K","-0.14%"
"02/15/2021","0.6229","0.6230","0.6237","0.6218","93.93K","0.10%"
"02/12/2021","0.6223","0.6223","0.6234","0.6217","107.11K","0.06%"
"02/11/2021","0.6219","0.6220","0.6230","0.6216","115.46K","0.02%"
"02/10/2021","0.6218","0.6223","0.6227","0.6213","143.58K","-0.03%"
"02/09/2021","0.6220","0.6227","0.6230","0.6217","150.52K","-0.08%"
"02/08/2021","0.6225","0.6220","0.6233","0.6215","166.65K","0.10%"
"02/05/2021","0.6219","0.6252","0.6258","0.6216","121.17K","-0.51%"
"02/04/2021","0.6251","0.6234","0.6255","0.6229","134.34K","0.30%"
"02/03/2021","0.6232","0.6231","0.6247","0.6230","157.37K","0.05%"
"02/02/2021","0.6229","0.6222","0.6244","0.6215","184.62K","0.16%"
"02/01/2021","0.6219","0.6196","0.6227","0.6196","171.81K","0.34%"
"01/29/2021","0.6198","0.6205","0.6215","0.6197","208.47K","-0.10%"
"01/28/2021","0.6204","0.6213","0.6220","0.6191","218.90K","-0.11%"
"01/27/2021","0.6211","0.6207","0.6231","0.6202","171.05K","0.10%"
"01/26/2021","0.6205","0.6207","0.6215","0.6200","125.64K","0.02%"
"01/25/2021","0.6204","0.6186","0.6213","0.6184","124.67K","0.32%"
"01/22/2021","0.6184","0.6217","0.6219","0.6181","123.74K","-0.50%"
"01/21/2021","0.6215","0.6235","0.6238","0.6212","136.52K","-0.29%"
"01/20/2021","0.6233","0.6202","0.6243","0.6199","130.07K","0.53%"
"01/19/2021","0.6200","0.6221","0.6226","0.6199","116.65K","-0.29%"
"01/18/2021","0.6218","0.6222","0.6229","0.6211","105.55K","-0.06%"
"01/15/2021","0.6222","0.6210","0.6228","0.6203","120.44K","0.26%"
"01/14/2021","0.6206","0.6198","0.6220","0.6194","118.46K","0.13%"
"01/13/2021","0.6198","0.6191","0.6206","0.6184","119.86K","0.16%"
"01/12/2021","0.6188","0.6183","0.6199","0.6180","135.76K","0.10%"
"01/11/2021","0.6182","0.6177","0.6188","0.6165","140.94K","0.16%"
"01/08/2021","0.6172","0.6150","0.6178","0.6147","119.02K","0.39%"
"01/07/2021","0.6148","0.6156","0.6169","0.6145","127.44K","-0.08%"
"01/06/2021","0.6153","0.6173","0.6177","0.6150","128.05K","-0.26%"
"01/05/2021","0.6169","0.6181","0.6188","0.6166","123.31K","-0.16%"
"01/04/2021","0.6179","0.6183","0.6199","0.6166","115.68K","-0.80%"
"01/01/2021","0.6229","0.6196","0.6231","0.6192","2.31K","0.58%"
"12/31/2020","0.6193","0.6145","0.6199","0.6140","101.47K","0.80%"
"12/30/2020","0.6144","0.6151","0.6161","0.6132","117.70K","-0.08%"
"12/29/2020","0.6149","0.6154","0.6161","0.6137","109.80K","-0.05%"
"12/28/2020","0.6152","0.6170","0.6178","0.6147","88.84K","-0.19%"
"12/25/2020","0.6164","0.6173","0.6188","0.6162","16.41K","-0.13%"
"12/24/2020","0.6172","0.6167","0.6180","0.6151","146.80K","0.11%"
"12/23/2020","0.6165","0.6153","0.6174","0.6142","215.18K","0.23%"
"12/22/2020","0.6151","0.6129","0.6155","0.6115","197.14K","0.41%"
"12/21/2020","0.6126","0.6155","0.6165","0.6127","184.47K","-0.31%"
"12/18/2020","0.6145","0.6150","0.6162","0.6140","117.22K","-0.03%"
"12/17/2020","0.6147","0.6168","0.6173","0.6144","130.25K","-0.31%"
"12/16/2020","0.6166","0.6176","0.6193","0.6159","154.80K","-0.13%"
"12/15/2020","0.6174","0.6169","0.6181","0.6155","138.36K","0.11%"
"12/14/2020","0.6167","0.6169","0.6180","0.6162","106.92K","-0.13%"
"12/11/2020","0.6175","0.6169","0.6180","0.6157","103.84K","0.13%"
"12/10/2020","0.6167","0.6189","0.6194","0.6161","112.48K","-0.34%"
"12/09/2020","0.6188","0.6176","0.6197","0.6165","151.72K","0.24%"
"12/08/2020","0.6173","0.6178","0.6183","0.6163","168.05K","-0.05%"
"12/07/2020","0.6176","0.6174","0.6187","0.6156","147.74K","0.03%"
"12/04/2020","0.6174","0.6172","0.6186","0.6161","148.51K","0.05%"
"12/03/2020","0.6171","0.6171","0.6179","0.6157","147.94K","0.03%"
"12/02/2020","0.6169","0.6195","0.6201","0.6166","120.03K","-0.39%"
"12/01/2020","0.6193","0.6249","0.6255","0.6191","112.79K","-0.83%"
"11/30/2020","0.6245","0.6248","0.6255","0.6228","85.59K","0.05%"
"11/27/2020","0.6242","0.6271","0.6274","0.6244","79.99K","-0.40%"
"11/26/2020","0.6267","0.6265","0.6287","0.6256","86.48K","0.08%"
"11/25/2020","0.6262","0.6268","0.6271","0.6245","121.44K","-0.05%"
"11/24/2020","0.6265","0.6285","0.6288","0.6265","111.95K","-0.30%"
"11/23/2020","0.6284","0.6280","0.6294","0.6264","99.99K","0.13%"
"11/20/2020","0.6276","0.6262","0.6281","0.6259","116.65K","0.26%"
"11/19/2020","0.6260","0.6285","0.6291","0.6259","127.74K","-0.38%"
"11/18/2020","0.6284","0.6278","0.6288","0.6271","141.10K","0.13%"
"11/17/2020","0.6276","0.6270","0.6281","0.6260","100.52K","0.14%"
"11/16/2020","0.6267","0.6274","0.6284","0.6263","98.04K","-0.05%"
"11/13/2020","0.6270","0.6277","0.6283","0.6267","130.28K","-0.08%"
"11/12/2020","0.6275","0.6292","0.6301","0.6272","156.03K","-0.24%"
"11/11/2020","0.6290","0.6281","0.6305","0.6271","160.10K","0.22%"
"11/10/2020","0.6276","0.6283","0.6291","0.6267","184.94K","-0.06%"
"11/09/2020","0.6280","0.6244","0.6289","0.6235","170.48K","0.59%"
"11/06/2020","0.6243","0.6265","0.6272","0.6241","151.46K","-0.26%"
"11/05/2020","0.6259","0.6281","0.6291","0.6241","146.37K","-0.33%"
"11/04/2020","0.6280","0.6277","0.6297","0.6259","165.91K","0.10%"
"11/03/2020","0.6274","0.6295","0.6298","0.6266","103.14K","-0.29%"
"11/02/2020","0.6292","0.6278","0.6299","0.6276","103.54K","0.18%"
"10/30/2020","0.6281","0.6266","0.6291","0.6263","132.80K","0.27%"
"10/29/2020","0.6264","0.6237","0.6276","0.6231","163.89K","0.48%"
"10/28/2020","0.6234","0.6231","0.6255","0.6229","126.94K","0.08%"
"10/27/2020","0.6229","0.6220","0.6234","0.6216","99.66K","0.16%"
"10/26/2020","0.6219","0.6210","0.6229","0.6208","97.79K","0.18%"
"10/23/2020","0.6208","0.6237","0.6251","0.6208","111.57K","-0.42%"
"10/22/2020","0.6234","0.6226","0.6240","0.6215","107.85K","0.13%"
"10/21/2020","0.6226","0.6231","0.6236","0.6216","116.14K","-0.06%"
"10/20/2020","0.6230","0.6256","0.6266","0.6224","94.96K","-0.42%"
"10/19/2020","0.6256","0.6284","0.6295","0.6248","92.68K","-0.43%"
"10/16/2020","0.6283","0.6281","0.6289","0.6270","116.18K","0.08%"
"10/15/2020","0.6278","0.6272","0.6287","0.6265","112.69K","0.13%"
"10/14/2020","0.6270","0.6259","0.6284","0.6258","118.45K","0.21%"
"10/13/2020","0.6257","0.6237","0.6267","0.6234","125.19K","0.35%"
"10/12/2020","0.6235","0.6254","0.6259","0.6235","108.72K","-0.19%"
"10/09/2020","0.6247","0.6261","0.6265","0.6243","94.34K","-0.19%"
"10/08/2020","0.6259","0.6254","0.6271","0.6247","137.36K","0.11%"
"10/07/2020","0.6252","0.6252","0.6263","0.6247","127.28K","0.02%"
"10/06/2020","0.6251","0.6240","0.6256","0.6230","136.83K","0.22%"
"10/05/2020","0.6237","0.6258","0.6263","0.6233","104.94K","-0.26%"
"10/02/2020","0.6253","0.6247","0.6266","0.6239","162.56K","0.14%"
"10/01/2020","0.6244","0.6248","0.6259","0.6239","149.42K","-0.03%"
"09/30/2020","0.6246","0.6220","0.6255","0.6217","120.13K","0.43%"
"09/29/2020","0.6219","0.6247","0.6252","0.6216","104.40K","-0.40%"
"09/28/2020","0.6244","0.6241","0.6255","0.6235","85.84K","0.08%"
"09/25/2020","0.6239","0.6230","0.6247","0.6224","131.05K","0.21%"
"09/24/2020","0.6226","0.6245","0.6251","0.6226","159.55K","-0.27%"
"09/23/2020","0.6243","0.6259","0.6270","0.6242","159.76K","-0.22%"
"09/22/2020","0.6257","0.6237","0.6259","0.6234","146.64K","0.35%"
"09/21/2020","0.6235","0.6207","0.6253","0.6206","156.72K","0.43%"
"09/18/2020","0.6208","0.6219","0.6227","0.6205","117.20K","-0.16%"
"09/17/2020","0.6218","0.6230","0.6253","0.6216","139.01K","-0.16%"
"09/16/2020","0.6228","0.6202","0.6240","0.6198","116.64K","0.44%"
"09/15/2020","0.6201","0.6176","0.6206","0.6172","92.45K","0.45%"
"09/14/2020","0.6173","0.6170","0.6181","0.6165","79.15K","0.08%"
"09/11/2020","0.6168","0.6179","0.6185","0.6163","99.10K","-0.15%"
"09/10/2020","0.6177","0.6201","0.6202","0.6152","111.86K","-0.35%"
"09/09/2020","0.6199","0.6195","0.6212","0.6183","124.70K","0.11%"
"09/08/2020","0.6192","0.6194","0.6199","0.6182","123.24K","0.00%"
"09/07/2020","0.6192","0.6192","0.6197","0.6180","83.05K","0.08%"
"09/04/2020","0.6187","0.6184","0.6205","0.6179","118.43K","0.11%"
"09/03/2020","0.6180","0.6191","0.6217","0.6178","129.10K","-0.13%"
"09/02/2020","0.6188","0.6166","0.6204","0.6159","121.68K","0.39%"
"09/01/2020","0.6164","0.6159","0.6173","0.6133","125.14K","0.11%"
"08/31/2020","0.6157","0.6188","0.6190","0.6147","104.00K","-0.40%"
"08/28/2020","0.6182","0.6192","0.6198","0.6166","116.51K","-0.13%"
"08/27/2020","0.6190","0.6190","0.6212","0.6166","124.26K","0.05%"
"08/26/2020","0.6187","0.6176","0.6206","0.6171","116.80K","0.19%"
"08/25/2020","0.6175","0.6188","0.6192","0.6167","115.27K","-0.23%"
"08/24/2020","0.6189","0.6186","0.6191","0.6169","101.61K","0.13%"
"08/21/2020","0.6181","0.6168","0.6204","0.6159","118.95K","0.26%"
"08/20/2020","0.6165","0.6163","0.6181","0.6148","133.92K","0.06%"
"08/19/2020","0.6161","0.6143","0.6173","0.6132","135.01K","0.33%"
"08/18/2020","0.6141","0.6159","0.6162","0.6127","125.45K","-0.26%"
"08/17/2020","0.6157","0.6151","0.6170","0.6150","101.64K","0.02%"
"08/14/2020","0.6156","0.6166","0.6180","0.6156","100.10K","-0.11%"
"08/13/2020","0.6163","0.6184","0.6188","0.6148","118.30K","-0.32%"
"08/12/2020","0.6183","0.6202","0.6211","0.6170","102.24K","-0.29%"
"08/11/2020","0.6201","0.6201","0.6209","0.6177","122.18K","0.05%"
"08/10/2020","0.6198","0.6180","0.6203","0.6174","104.96K","0.32%"
"08/07/2020","0.6178","0.6151","0.6193","0.6144","130.85K","0.46%"
"08/06/2020","0.6150","0.6153","0.6174","0.6133","149.46K","-0.02%"
"08/05/2020","0.6151","0.6170","0.6178","0.6141","131.53K","-0.26%"
"08/04/2020","0.6167","0.6178","0.6194","0.6163","116.44K","-0.15%"
"08/03/2020","0.6176","0.6175","0.6204","0.6167","123.68K","0.06%"
"07/31/2020","0.6172","0.6151","0.6183","0.6130","146.03K","0.36%"
"07/30/2020","0.6150","0.6173","0.6194","0.6148","148.66K","-0.36%"
"07/29/2020","0.6172","0.6189","0.6198","0.6165","130.06K","-0.26%"
"07/28/2020","0.6188","0.6172","0.6194","0.6163","132.56K","0.28%"
"07/27/2020","0.6171","0.6209","0.6213","0.6158","129.28K","-0.48%"
"07/24/2020","0.6201","0.6222","0.6228","0.6202","137.98K","-0.31%"
"07/23/2020","0.6220","0.6237","0.6248","0.6209","131.91K","-0.26%"
"07/22/2020","0.6236","0.6273","0.6275","0.6229","124.03K","-0.56%"
"07/21/2020","0.6271","0.6291","0.6302","0.6266","111.86K","-0.27%"
"07/20/2020","0.6288","0.6296","0.6307","0.6270","110.81K","-0.05%"
"07/17/2020","0.6291","0.6309","0.6316","0.6287","127.86K","-0.24%"
"07/16/2020","0.6306","0.6308","0.6316","0.6285","145.13K","0.02%"
"07/15/2020","0.6305","0.6302","0.6312","0.6291","141.60K","0.08%"
"07/14/2020","0.6300","0.6341","0.6345","0.6295","152.64K","-0.60%"
"07/13/2020","0.6338","0.6362","0.6365","0.6334","122.51K","-0.35%"
"07/10/2020","0.6360","0.6367","0.6370","0.6351","120.27K","-0.06%"
"07/09/2020","0.6364","0.6345","0.6367","0.6322","137.32K","0.33%"
"07/08/2020","0.6343","0.6359","0.6362","0.6327","134.67K","-0.22%"
"07/07/2020","0.6357","0.6352","0.6364","0.6345","138.77K","0.11%"
"07/06/2020","0.6350","0.6377","0.6381","0.6334","107.14K","-0.31%"
"07/03/2020","0.6370","0.6379","0.6391","0.6368","136.13K","-0.11%"
"07/02/2020","0.6377","0.6377","0.6387","0.6353","134.36K","0.03%"
"07/01/2020","0.6375","0.6388","0.6404","0.6366","117.99K","-0.16%"
"06/30/2020","0.6385","0.6382","0.6395","0.6371","153.27K","0.06%"
"06/29/2020","0.6381","0.6396","0.6401","0.6362","147.07K","-0.19%"
"06/26/2020","0.6393","0.6405","0.6414","0.6388","148.83K","-0.19%"
"06/25/2020","0.6405","0.6380","0.6413","0.6374","162.55K","0.44%"
"06/24/2020","0.6377","0.6357","0.6391","0.6353","153.18K","0.35%"
"06/23/2020","0.6355","0.6378","0.6380","0.6344","161.41K","-0.33%"
"06/22/2020","0.6376","0.6398","0.6404","0.6372","138.20K","-0.36%"
"06/19/2020","0.6399","0.6402","0.6416","0.6380","155.50K","-0.02%"
"06/18/2020","0.6400","0.6383","0.6407","0.6376","169.15K","0.30%"
"06/17/2020","0.6381","0.6364","0.6400","0.6359","188.64K","0.30%"
"06/16/2020","0.6362","0.6349","0.6387","0.6331","164.89K","0.24%"
"06/15/2020","0.6347","0.6387","0.6392","0.6345","172.98K","-0.47%"
"06/12/2020","0.6377","0.6353","0.6392","0.6348","159.06K","0.41%"
"06/11/2020","0.6351","0.6357","0.6360","0.6323","188.56K","-0.06%"
"06/10/2020","0.6355","0.6348","0.6375","0.6339","161.32K","0.13%"
"06/09/2020","0.6347","0.6380","0.6385","0.6337","158.80K","-0.44%"
"06/08/2020","0.6375","0.6356","0.6382","0.6348","125.33K","0.33%"
"06/05/2020","0.6354","0.6308","0.6364","0.6305","154.35K","0.76%"
"06/04/2020","0.6306","0.6368","0.6377","0.6301","158.54K","-0.93%"
"06/03/2020","0.6365","0.6393","0.6399","0.6361","176.30K","-0.39%"
"06/02/2020","0.6390","0.6379","0.6398","0.6377","165.09K","0.19%"
"06/01/2020","0.6378","0.6384","0.6392","0.6360","133.96K","-0.03%"
"05/29/2020","0.6380","0.6368","0.6385","0.6355","152.48K","0.20%"
"05/28/2020","0.6367","0.6397","0.6407","0.6363","155.77K","-0.41%"
"05/27/2020","0.6393","0.6428","0.6447","0.6394","156.21K","-0.53%"
"05/26/2020","0.6427","0.6439","0.6449","0.6421","131.17K","-0.16%"
"05/25/2020","0.6437","0.6438","0.6449","0.6429","85.77K","0.03%"
"05/22/2020","0.6435","0.6443","0.6454","0.6430","148.46K","-0.09%"
"05/21/2020","0.6441","0.6446","0.6452","0.6421","137.94K","-0.03%"
"05/20/2020","0.6443","0.6463","0.6465","0.6431","145.31K","-0.29%"
"05/19/2020","0.6462","0.6462","0.6467","0.6434","141.52K","0.05%"
"05/18/2020","0.6459","0.6478","0.6492","0.6451","117.24K","-0.23%"
"05/15/2020","0.6474","0.6502","0.6508","0.6470","131.65K","-0.40%"
"05/14/2020","0.6500","0.6510","0.6518","0.6488","149.92K","-0.12%"
"05/13/2020","0.6508","0.6501","0.6515","0.6490","152.17K","0.17%"
"05/12/2020","0.6497","0.6529","0.6532","0.6493","158.79K","-0.43%"
"05/11/2020","0.6525","0.6525","0.6542","0.6511","120.06K","-0.02%"
"05/08/2020","0.6526","0.6524","0.6540","0.6514","134.64K","0.02%"
"05/07/2020","0.6525","0.6521","0.6549","0.6506","141.74K","0.11%"
"05/06/2020","0.6518","0.6518","0.6532","0.6506","133.28K","0.03%"
"05/05/2020","0.6516","0.6471","0.6524","0.6467","124.80K","0.73%"
"05/04/2020","0.6469","0.6435","0.6479","0.6425","112.98K","0.59%"
"05/01/2020","0.6431","0.6468","0.6478","0.6413","114.90K","-0.53%"
"04/30/2020","0.6465","0.6513","0.6536","0.6468","152.88K","-0.69%"
"04/29/2020","0.6510","0.6522","0.6528","0.6503","151.85K","-0.14%"
"04/28/2020","0.6519","0.6508","0.6524","0.6485","160.59K","0.18%"
"04/27/2020","0.6507","0.6495","0.6514","0.6481","133.90K","0.35%"
"04/24/2020","0.6484","0.6515","0.6539","0.6482","151.40K","-0.43%"
"04/23/2020","0.6512","0.6473","0.6528","0.6467","155.96K","0.60%"
"04/22/2020","0.6473","0.6432","0.6481","0.6427","146.52K","0.70%"
"04/21/2020","0.6428","0.6478","0.6482","0.6426","154.24K","-0.74%"
"04/20/2020","0.6476","0.6467","0.6485","0.6459","143.42K","0.19%"
"04/17/2020","0.6464","0.6463","0.6489","0.6448","169.15K","0.06%"
"04/16/2020","0.6460","0.6438","0.6467","0.6424","168.40K","0.39%"
"04/15/2020","0.6435","0.6442","0.6454","0.6423","146.06K","-0.03%"
"04/14/2020","0.6437","0.6472","0.6478","0.6435","141.94K","-0.51%"
"04/13/2020","0.6470","0.6467","0.6486","0.6441","80.46K","0.05%"
"04/10/2020","0.6467","0.6458","0.6479","0.6448","72.90K","0.17%"
"04/09/2020","0.6456","0.6461","0.6472","0.6437","149.85K","-0.03%"
"04/08/2020","0.6458","0.6450","0.6465","0.6432","162.47K","0.19%"
"04/07/2020","0.6446","0.6468","0.6475","0.6434","177.16K","-0.31%"
"04/06/2020","0.6466","0.6432","0.6477","0.6413","151.38K","0.58%"
"04/03/2020","0.6429","0.6439","0.6467","0.6414","152.20K","-0.11%"
"04/02/2020","0.6436","0.6350","0.6453","0.6349","178.57K","1.37%"
"04/01/2020","0.6349","0.6375","0.6391","0.6344","166.32K","-0.39%"
"03/31/2020","0.6374","0.6357","0.6413","0.6350","173.41K","0.30%"
"03/30/2020","0.6355","0.6292","0.6377","0.6278","155.62K","1.08%"
"03/27/2020","0.6287","0.6335","0.6361","0.6284","173.93K","-0.73%"
"03/26/2020","0.6333","0.6349","0.6367","0.6314","179.24K","-0.19%"
"03/25/2020","0.6345","0.6408","0.6421","0.6341","182.12K","-0.95%"
"03/24/2020","0.6406","0.6385","0.6431","0.6334","179.62K","0.33%"
"03/23/2020","0.6385","0.6452","0.6469","0.6332","180.10K","-0.96%"
"03/20/2020","0.6447","0.6439","0.6479","0.6403","194.94K","0.19%"
"03/19/2020","0.6435","0.6349","0.6485","0.6302","191.54K","1.39%"
"03/18/2020","0.6347","0.6364","0.6400","0.6310","177.81K","-0.24%"
"03/17/2020","0.6362","0.6294","0.6395","0.6288","172.39K","1.14%"
"03/16/2020","0.6290","0.6375","0.6408","0.6259","172.49K","-1.16%"
"03/13/2020","0.6364","0.6334","0.6397","0.6310","188.30K","0.52%"
"03/12/2020","0.6331","0.6360","0.6415","0.6300","179.70K","-0.42%"
"03/11/2020","0.6358","0.6370","0.6384","0.6330","171.12K","-0.17%"
"03/10/2020","0.6369","0.6310","0.6373","0.6302","169.38K","0.97%"
"03/09/2020","0.6308","0.6425","0.6432","0.6288","170.03K","-1.85%"
"03/06/2020","0.6427","0.6433","0.6446","0.6390","154.48K","-0.06%"
"03/05/2020","0.6431","0.6485","0.6496","0.6425","129.74K","-0.80%"
"03/04/2020","0.6483","0.6447","0.6508","0.6439","133.95K","0.64%"
"03/03/2020","0.6442","0.6460","0.6472","0.6428","150.00K","-0.25%"
"03/02/2020","0.6458","0.6525","0.6525","0.6435","144.81K","-0.72%"
"02/28/2020","0.6505","0.6516","0.6544","0.6489","143.65K","-0.14%"
"02/27/2020","0.6514","0.6575","0.6577","0.6514","129.55K","-0.91%"
"02/26/2020","0.6574","0.6571","0.6593","0.6561","130.59K","0.09%"
"02/25/2020","0.6568","0.6581","0.6604","0.6561","130.32K","-0.18%"
"02/24/2020","0.6580","0.6593","0.6603","0.6575","106.76K","-0.15%"
"02/21/2020","0.6590","0.6617","0.6625","0.6582","104.26K","-0.36%"
"02/20/2020","0.6614","0.6636","0.6640","0.6576","115.49K","-0.29%"
"02/19/2020","0.6633","0.6654","0.6662","0.6631","104.94K","-0.29%"
"02/18/2020","0.6652","0.6641","0.6658","0.6626","105.52K","0.18%"
"02/17/2020","0.6640","0.6636","0.6649","0.6626","76.61K","0.17%"
"02/14/2020","0.6629","0.6639","0.6647","0.6615","93.20K","-0.12%"
"02/13/2020","0.6637","0.6633","0.6646","0.6614","100.33K","0.08%"
"02/12/2020","0.6632","0.6608","0.6639","0.6602","98.06K","0.39%"
"02/11/2020","0.6606","0.6595","0.6617","0.6593","96.57K","0.20%"
"02/10/2020","0.6593","0.6572","0.6600","0.6558","103.80K","0.30%"
"02/07/2020","0.6573","0.6571","0.6579","0.6551","101.21K","0.05%"
"02/06/2020","0.6570","0.6582","0.6589","0.6556","103.88K","-0.14%"
"02/05/2020","0.6579","0.6607","0.6610","0.6554","100.43K","-0.42%"
"02/04/2020","0.6607","0.6607","0.6617","0.6585","100.95K","0.06%"
"02/03/2020","0.6603","0.6602","0.6624","0.6590","87.38K","0.02%"
"01/31/2020","0.6602","0.6657","0.6665","0.6601","102.31K","-0.78%"
"01/30/2020","0.6654","0.6675","0.6679","0.6643","104.59K","-0.25%"
"01/29/2020","0.6671","0.6682","0.6691","0.6670","94.15K","-0.12%"
"01/28/2020","0.6679","0.6684","0.6694","0.6673","89.18K","-0.06%"
"01/27/2020","0.6683","0.6712","0.6715","0.6679","92.98K","-0.34%"
"01/24/2020","0.6706","0.6694","0.6716","0.6690","80.85K","0.21%"
"01/23/2020","0.6692","0.6683","0.6703","0.6671","75.23K","0.15%"
"01/22/2020","0.6682","0.6683","0.6697","0.6678","86.94K","0.01%"
"01/21/2020","0.6681","0.6693","0.6696","0.6667","88.40K","-0.16%"
"01/20/2020","0.6692","0.6691","0.6701","0.6686","65.89K","0.03%"
"01/17/2020","0.6690","0.6665","0.6696","0.6663","71.01K","0.41%"
"01/16/2020","0.6663","0.6662","0.6673","0.6651","87.28K","0.03%"
"01/15/2020","0.6661","0.6671","0.6674","0.6650","98.37K","-0.12%"
"01/14/2020","0.6669","0.6669","0.6683","0.6656","103.16K","0.05%"
"01/13/2020","0.6666","0.6664","0.6682","0.6662","87.93K","0.03%"
"01/10/2020","0.6664","0.6662","0.6685","0.6660","85.28K","0.06%"
"01/09/2020","0.6660","0.6665","0.6669","0.6654","95.20K","-0.03%"
"01/08/2020","0.6662","0.6642","0.6669","0.6621","111.37K","0.35%"
"01/07/2020","0.6639","0.6621","0.6649","0.6618","89.85K","0.33%"
"01/06/2020","0.6617","0.6633","0.6647","0.6612","74.18K","-0.27%"
"01/03/2020","0.6635","0.6643","0.6657","0.6631","74.08K","-0.09%"
"01/02/2020","0.6641","0.6633","0.6648","0.6618","58.77K","0.17%"
"01/01/2020","0.6630","0.6631","0.6633","0.6618","3.02K","0.03%"
"12/31/2019","0.6628","0.6621","0.6634","0.6614","57.45K","0.15%"
"12/30/2019","0.6618","0.6618","0.6632","0.6608","70.86K","0.06%"
"12/27/2019","0.6614","0.6655","0.6658","0.6611","72.98K","-0.57%"
"12/26/2019","0.6652","0.6654","0.6662","0.6648","39.33K","0.05%"
"12/25/2019","0.6649","0.6653","0.6665","0.6643","19.93K","-0.03%"
"12/24/2019","0.6651","0.6652","0.6667","0.6647","72.50K","0.03%"
"12/23/2019","0.6649","0.6658","0.6665","0.6646","67.25K","-0.14%"
"12/20/2019","0.6658","0.6633","0.6669","0.6629","67.87K","0.41%"
"12/19/2019","0.6631","0.6640","0.6645","0.6619","71.52K","-0.09%"
"12/18/2019","0.6637","0.6619","0.6641","0.6613","74.29K","0.30%"
"12/17/2019","0.6617","0.6624","0.6629","0.6602","79.77K","-0.08%"
"12/16/2019","0.6622","0.6639","0.6641","0.6612","72.37K","-0.26%"
"12/13/2019","0.6639","0.6633","0.6649","0.6596","110.75K","0.12%"
"12/12/2019","0.6631","0.6621","0.6646","0.6605","92.13K","0.20%"
"12/11/2019","0.6618","0.6636","0.6643","0.6610","82.49K","-0.26%"
"12/10/2019","0.6635","0.6648","0.6650","0.6630","81.74K","-0.17%"
"12/09/2019","0.6646","0.6647","0.6654","0.6637","61.66K","0.05%"
"12/06/2019","0.6643","0.6620","0.6655","0.6613","68.41K","0.38%"
"12/05/2019","0.6618","0.6621","0.6630","0.6614","75.17K","-0.02%"
"12/04/2019","0.6619","0.6615","0.6629","0.6604","90.09K","0.12%"
"12/03/2019","0.6611","0.6608","0.6621","0.6603","89.78K","0.08%"
"12/02/2019","0.6606","0.6639","0.6642","0.6601","83.66K","-0.41%"
"11/29/2019","0.6633","0.6651","0.6661","0.6629","74.40K","-0.23%"
"11/28/2019","0.6648","0.6660","0.6661","0.6643","77.88K","-0.15%"
"11/27/2019","0.6658","0.6653","0.6663","0.6643","84.18K","0.12%"
"11/26/2019","0.6650","0.6652","0.6658","0.6639","84.00K","0.00%"
"11/25/2019","0.6650","0.6652","0.6658","0.6643","78.43K","0.08%"
"11/22/2019","0.6645","0.6633","0.6654","0.6621","87.49K","0.20%"
"11/21/2019","0.6632","0.6630","0.6639","0.6618","94.02K","0.06%"
"11/20/2019","0.6628","0.6633","0.6647","0.6627","96.93K","-0.03%"
"11/19/2019","0.6630","0.6639","0.6644","0.6628","87.40K","-0.09%"
"11/18/2019","0.6636","0.6653","0.6654","0.6629","86.31K","-0.18%"
"11/15/2019","0.6648","0.6661","0.6669","0.6647","84.34K","-0.15%"
"11/14/2019","0.6658","0.6666","0.6677","0.6656","90.98K","-0.09%"
"11/13/2019","0.6664","0.6668","0.6675","0.6658","89.81K","-0.01%"
"11/12/2019","0.6665","0.6661","0.6673","0.6655","87.16K","0.09%"
"11/11/2019","0.6659","0.6674","0.6676","0.6654","67.86K","-0.19%"
"11/08/2019","0.6672","0.6669","0.6680","0.6655","82.87K","0.12%"
"11/07/2019","0.6664","0.6644","0.6679","0.6639","118.69K","0.30%"
"11/06/2019","0.6644","0.6647","0.6654","0.6633","100.59K","-0.03%"
"11/05/2019","0.6646","0.6613","0.6654","0.6610","110.85K","0.53%"
"11/04/2019","0.6611","0.6598","0.6618","0.6592","82.87K","0.29%"
"11/01/2019","0.6592","0.6592","0.6616","0.6586","85.54K","0.05%"
"10/31/2019","0.6589","0.6587","0.6601","0.6571","108.10K","0.12%"
"10/30/2019","0.6581","0.6606","0.6615","0.6583","90.07K","-0.35%"
"10/29/2019","0.6604","0.6614","0.6626","0.6602","74.81K","-0.11%"
"10/28/2019","0.6611","0.6621","0.6625","0.6608","65.88K","-0.09%"
"10/25/2019","0.6617","0.6604","0.6625","0.6594","87.45K","0.23%"
"10/24/2019","0.6602","0.6596","0.6612","0.6577","104.32K","0.14%"
"10/23/2019","0.6593","0.6597","0.6605","0.6588","102.45K","-0.03%"
"10/22/2019","0.6595","0.6589","0.6600","0.6582","100.13K","0.11%"
"10/21/2019","0.6588","0.6578","0.6595","0.6564","96.66K","0.44%"
"10/18/2019","0.6559","0.6587","0.6593","0.6560","94.59K","-0.39%"
"10/17/2019","0.6585","0.6592","0.6607","0.6580","113.62K","-0.09%"
"10/16/2019","0.6591","0.6614","0.6618","0.6585","110.80K","-0.29%"
"10/15/2019","0.6610","0.6621","0.6635","0.6605","115.39K","-0.14%"
"10/14/2019","0.6619","0.6596","0.6632","0.6590","93.49K","0.36%"
"10/11/2019","0.6595","0.6607","0.6615","0.6579","123.48K","-0.15%"
"10/10/2019","0.6605","0.6600","0.6609","0.6581","118.94K","0.09%"
"10/09/2019","0.6599","0.6601","0.6606","0.6589","100.65K","0.00%"
"10/08/2019","0.6599","0.6600","0.6613","0.6580","108.67K","0.02%"
"10/07/2019","0.6598","0.6609","0.6609","0.6584","89.99K","-0.11%"
"10/04/2019","0.6605","0.6604","0.6615","0.6596","108.13K","0.06%"
"10/03/2019","0.6601","0.6593","0.6615","0.6587","105.07K","0.15%"
"10/02/2019","0.6591","0.6605","0.6620","0.6586","85.79K","-0.18%"
"10/01/2019","0.6603","0.6639","0.6645","0.6598","98.71K","-0.51%"
"09/30/2019","0.6637","0.6617","0.6643","0.6610","86.68K","0.35%"
"09/27/2019","0.6614","0.6624","0.6636","0.6604","101.13K","-0.12%"
"09/26/2019","0.6622","0.6628","0.6633","0.6601","109.38K","-0.05%"
"09/25/2019","0.6625","0.6596","0.6633","0.6590","101.49K","0.50%"
"09/24/2019","0.6592","0.6603","0.6613","0.6594","96.59K","-0.08%"
"09/23/2019","0.6597","0.6591","0.6620","0.6588","93.31K","0.15%"
"09/20/2019","0.6587","0.6568","0.6607","0.6562","95.17K","0.29%"
"09/19/2019","0.6568","0.6587","0.6593","0.6551","100.39K","-0.27%"
"09/18/2019","0.6586","0.6572","0.6598","0.6568","97.05K","0.24%"
"09/17/2019","0.6570","0.6610","0.6612","0.6571","106.29K","-0.56%"
"09/16/2019","0.6607","0.6574","0.6615","0.6560","103.21K","0.53%"
"09/13/2019","0.6572","0.6574","0.6583","0.6555","110.25K","0.02%"
"09/12/2019","0.6571","0.6586","0.6648","0.6564","120.76K","-0.21%"
"09/11/2019","0.6585","0.6564","0.6599","0.6555","97.37K","0.38%"
"09/10/2019","0.6560","0.6561","0.6571","0.6554","92.78K","0.02%"
"09/09/2019","0.6559","0.6563","0.6578","0.6551","91.19K","-0.05%"
"09/06/2019","0.6562","0.6549","0.6572","0.6540","113.20K","0.23%"
"09/05/2019","0.6547","0.6546","0.6558","0.6522","119.28K","0.06%"
"09/04/2019","0.6543","0.6554","0.6566","0.6544","120.53K","-0.12%"
"09/03/2019","0.6551","0.6553","0.6571","0.6546","121.72K","0.00%"
"09/02/2019","0.6551","0.6561","0.6564","0.6544","85.71K","-0.09%"
"08/30/2019","0.6557","0.6517","0.6568","0.6510","116.08K","0.63%"
"08/29/2019","0.6516","0.6500","0.6525","0.6491","116.05K","0.26%"
"08/28/2019","0.6499","0.6490","0.6506","0.6485","113.14K","0.17%"
"08/27/2019","0.6488","0.6486","0.6496","0.6474","118.32K","0.06%"
"08/26/2019","0.6484","0.6467","0.6494","0.6435","130.20K","0.25%"
"08/23/2019","0.6468","0.6514","0.6524","0.6464","121.51K","-0.68%"
"08/22/2019","0.6512","0.6518","0.6522","0.6494","109.35K","-0.05%"
"08/21/2019","0.6515","0.6506","0.6523","0.6501","102.86K","0.18%"
"08/20/2019","0.6503","0.6510","0.6520","0.6500","107.52K","-0.08%"
"08/19/2019","0.6508","0.6511","0.6516","0.6497","94.63K","-0.03%"
"08/16/2019","0.6510","0.6482","0.6518","0.6478","105.62K","0.46%"
"08/15/2019","0.6480","0.6458","0.6492","0.6446","125.41K","0.36%"
"08/14/2019","0.6457","0.6471","0.6473","0.6437","123.81K","-0.19%"
"08/13/2019","0.6469","0.6429","0.6478","0.6413","124.52K","0.64%"
"08/12/2019","0.6428","0.6442","0.6455","0.6423","97.83K","-0.20%"
"08/09/2019","0.6441","0.6472","0.6473","0.6431","116.61K","-0.45%"
"08/08/2019","0.6470","0.6459","0.6474","0.6439","140.24K","0.22%"
"08/07/2019","0.6456","0.6463","0.6467","0.6430","143.37K","-0.06%"
"08/06/2019","0.6460","0.6446","0.6489","0.6414","145.48K","0.23%"
"08/05/2019","0.6445","0.6539","0.6543","0.6443","137.95K","-1.39%"
"08/02/2019","0.6536","0.6551","0.6567","0.6534","134.23K","-0.20%"
"08/01/2019","0.6549","0.6571","0.6595","0.6543","137.13K","-0.27%"
"07/31/2019","0.6567","0.6543","0.6581","0.6536","112.86K","0.41%"
"07/30/2019","0.6540","0.6548","0.6559","0.6538","102.49K","-0.11%"
"07/29/2019","0.6547","0.6561","0.6568","0.6545","80.92K","-0.17%"
"07/26/2019","0.6558","0.6561","0.6570","0.6553","89.18K","-0.02%"
"07/25/2019","0.6559","0.6579","0.6596","0.6546","104.37K","-0.27%"
"07/24/2019","0.6577","0.6568","0.6584","0.6564","105.04K","0.20%"
"07/23/2019","0.6564","0.6555","0.6573","0.6550","99.46K","0.17%"
"07/22/2019","0.6553","0.6554","0.6560","0.6546","89.22K","0.09%"
"07/19/2019","0.6547","0.6536","0.6558","0.6534","112.72K","0.21%"
"07/18/2019","0.6533","0.6546","0.6558","0.6530","106.53K","-0.18%"
"07/17/2019","0.6545","0.6567","0.6570","0.6540","94.39K","-0.26%"
"07/16/2019","0.6562","0.6550","0.6573","0.6544","90.81K","0.21%"
"07/15/2019","0.6548","0.6539","0.6552","0.6526","78.83K","0.23%"
"07/12/2019","0.6533","0.6547","0.6550","0.6526","103.48K","-0.20%"
"07/11/2019","0.6546","0.6543","0.6555","0.6538","111.72K","0.09%"
"07/10/2019","0.6540","0.6550","0.6557","0.6539","110.01K","-0.12%"
"07/09/2019","0.6548","0.6557","0.6564","0.6548","94.49K","-0.11%"
"07/08/2019","0.6555","0.6556","0.6564","0.6540","88.99K","0.09%"
"07/05/2019","0.6549","0.6535","0.6554","0.6533","103.63K","0.24%"
"07/04/2019","0.6533","0.6538","0.6543","0.6531","76.02K","-0.06%"
"07/03/2019","0.6537","0.6535","0.6542","0.6522","97.54K","0.06%"
"07/02/2019","0.6533","0.6538","0.6540","0.6516","102.68K","-0.03%"
"07/01/2019","0.6535","0.6503","0.6539","0.6500","102.10K","0.57%"
"06/28/2019","0.6498","0.6499","0.6508","0.6486","89.05K","0.02%"
"06/27/2019","0.6497","0.6492","0.6507","0.6485","89.18K","0.09%"
"06/26/2019","0.6491","0.6495","0.6508","0.6489","103.43K","-0.02%"
"06/25/2019","0.6492","0.6481","0.6504","0.6476","102.00K","0.20%"
"06/24/2019","0.6479","0.6496","0.6496","0.6478","82.99K","-0.14%"
"06/21/2019","0.6488","0.6530","0.6535","0.6485","107.34K","-0.60%"
"06/20/2019","0.6527","0.6535","0.6542","0.6515","109.77K","-0.09%"
"06/19/2019","0.6533","0.6538","0.6539","0.6518","84.71K","0.00%"
"06/18/2019","0.6533","0.6503","0.6539","0.6485","96.42K","0.49%"
"06/17/2019","0.6501","0.6506","0.6513","0.6489","80.88K","-0.06%"
"06/14/2019","0.6505","0.6485","0.6508","0.6478","96.00K","0.28%"
"06/13/2019","0.6487","0.6481","0.6495","0.6475","107.83K","0.14%"
"06/12/2019","0.6478","0.6474","0.6485","0.6459","108.12K","0.17%"
"06/11/2019","0.6467","0.6471","0.6484","0.6465","110.06K","0.00%"
"06/10/2019","0.6467","0.6482","0.6489","0.6465","96.15K","-0.11%"
"06/07/2019","0.6474","0.6503","0.6506","0.6471","106.20K","-0.37%"
"06/06/2019","0.6498","0.6517","0.6528","0.6488","123.29K","-0.32%"
"06/05/2019","0.6519","0.6505","0.6522","0.6488","125.71K","0.25%"
"06/04/2019","0.6503","0.6509","0.6512","0.6483","118.24K","-0.06%"
"06/03/2019","0.6507","0.6516","0.6533","0.6500","117.41K","0.03%"
"05/31/2019","0.6505","0.6513","0.6525","0.6496","157.37K","-0.14%"
"05/30/2019","0.6514","0.6503","0.6521","0.6496","125.52K","0.20%"
"05/29/2019","0.6501","0.6495","0.6507","0.6478","140.39K","0.11%"
"05/28/2019","0.6494","0.6493","0.6500","0.6482","131.44K","0.05%"
"05/27/2019","0.6491","0.6493","0.6504","0.6485","95.44K","0.09%"
"05/24/2019","0.6485","0.6482","0.6497","0.6475","113.81K","0.06%"
"05/23/2019","0.6481","0.6501","0.6511","0.6479","129.44K","-0.29%"
"05/22/2019","0.6500","0.6503","0.6510","0.6489","117.23K","-0.09%"
"05/21/2019","0.6506","0.6503","0.6516","0.6492","123.61K","0.08%"
"05/20/2019","0.6501","0.6506","0.6521","0.6499","104.62K","-0.05%"
"05/17/2019","0.6504","0.6520","0.6522","0.6497","126.54K","-0.21%"
"05/16/2019","0.6518","0.6524","0.6532","0.6510","125.93K","-0.05%"
"05/15/2019","0.6521","0.6516","0.6532","0.6510","135.43K","0.12%"
"05/14/2019","0.6513","0.6502","0.6524","0.6492","123.22K","0.22%"
"05/13/2019","0.6499","0.6528","0.6535","0.6483","120.10K","-0.46%"
"05/10/2019","0.6529","0.6534","0.6543","0.6521","151.89K","-0.05%"
"05/09/2019","0.6532","0.6558","0.6561","0.6514","154.10K","-0.38%"
"05/08/2019","0.6557","0.6557","0.6565","0.6549","156.18K","0.03%"
"05/07/2019","0.6555","0.6550","0.6566","0.6540","161.15K","0.11%"
"05/06/2019","0.6548","0.6561","0.6572","0.6543","133.11K","-0.17%"
"05/03/2019","0.6559","0.6564","0.6583","0.6558","123.17K","-0.06%"
"05/02/2019","0.6563","0.6556","0.6570","0.6550","123.12K","0.08%"
"05/01/2019","0.6558","0.6553","0.6564","0.6538","98.70K","0.09%"
"04/30/2019","0.6552","0.6566","0.6571","0.6544","128.83K","-0.17%"
"04/29/2019","0.6563","0.6585","0.6591","0.6563","103.38K","-0.29%"
"04/26/2019","0.6582","0.6589","0.6603","0.6577","143.09K","-0.08%"
"04/25/2019","0.6587","0.6579","0.6594","0.6573","153.54K","0.09%"
"04/24/2019","0.6581","0.6563","0.6587","0.6554","171.05K","0.32%"
"04/23/2019","0.6560","0.6549","0.6578","0.6544","149.86K","0.21%"
"04/22/2019","0.6546","0.6561","0.6568","0.6544","86.43K","-0.20%"
"04/19/2019","0.6559","0.6560","0.6571","0.6555","97.76K","-0.06%"
"04/18/2019","0.6563","0.6544","0.6569","0.6536","152.48K","0.32%"
"04/17/2019","0.6542","0.6544","0.6548","0.6528","155.22K","-0.02%"
"04/16/2019","0.6543","0.6539","0.6546","0.6526","143.34K","0.15%"
"04/15/2019","0.6533","0.6541","0.6544","0.6531","115.54K","-0.06%"
"04/12/2019","0.6537","0.6553","0.6554","0.6522","152.78K","-0.20%"
"04/11/2019","0.6550","0.6562","0.6564","0.6544","145.65K","-0.15%"
"04/10/2019","0.6560","0.6561","0.6579","0.6548","147.85K","0.03%"
"04/09/2019","0.6558","0.6550","0.6562","0.6548","155.98K","0.06%"
"04/08/2019","0.6554","0.6578","0.6582","0.6547","120.59K","-0.36%"
"04/05/2019","0.6578","0.6576","0.6583","0.6567","156.37K","0.03%"
"04/04/2019","0.6576","0.6575","0.6589","0.6569","160.60K","0.03%"
"04/03/2019","0.6574","0.6586","0.6592","0.6568","165.40K","-0.15%"
"04/02/2019","0.6584","0.6583","0.6593","0.6576","172.95K","0.02%"
"04/01/2019","0.6583","0.6575","0.6589","0.6564","141.46K","0.15%"
"03/29/2019","0.6573","0.6569","0.6582","0.6561","173.60K","0.15%"
"03/28/2019","0.6563","0.6560","0.6571","0.6550","185.19K","0.06%"
"03/27/2019","0.6559","0.6562","0.6568","0.6543","191.80K","-0.05%"
"03/26/2019","0.6562","0.6548","0.6567","0.6538","172.14K","0.24%"
"03/25/2019","0.6546","0.6532","0.6553","0.6532","141.85K","0.20%"
"03/22/2019","0.6533","0.6518","0.6560","0.6506","189.60K","0.26%"
"03/21/2019","0.6516","0.6504","0.6529","0.6493","178.39K","0.22%"
"03/20/2019","0.6502","0.6519","0.6528","0.6489","166.88K","-0.23%"
"03/19/2019","0.6517","0.6529","0.6531","0.6514","155.44K","-0.15%"
"03/18/2019","0.6527","0.6531","0.6532","0.6514","117.33K","0.02%"
"03/15/2019","0.6526","0.6525","0.6535","0.6514","171.73K","0.06%"
"03/14/2019","0.6522","0.6529","0.6531","0.6511","196.69K","-0.06%"
"03/13/2019","0.6526","0.6534","0.6538","0.6518","185.53K","-0.08%"
"03/12/2019","0.6531","0.6546","0.6556","0.6525","190.10K","-0.18%"
"03/11/2019","0.6543","0.6550","0.6558","0.6537","147.54K","-0.05%"
"03/08/2019","0.6546","0.6565","0.6572","0.6544","160.22K","-0.27%"
"03/07/2019","0.6564","0.6514","0.6577","0.6510","161.59K","0.75%"
"03/06/2019","0.6515","0.6523","0.6527","0.6503","162.27K","-0.12%"
"03/05/2019","0.6523","0.6512","0.6531","0.6502","166.61K","0.18%"
"03/04/2019","0.6511","0.6485","0.6523","0.6476","133.90K","0.39%"
"03/01/2019","0.6486","0.6504","0.6512","0.6482","184.44K","-0.28%"
"02/28/2019","0.6504","0.6522","0.6523","0.6493","186.01K","-0.28%"
"02/27/2019","0.6522","0.6512","0.6525","0.6505","175.76K","0.15%"
"02/26/2019","0.6512","0.6518","0.6533","0.6509","165.79K","-0.15%"
"02/25/2019","0.6522","0.6528","0.6536","0.6519","153.34K","-0.03%"
"02/22/2019","0.6524","0.6515","0.6536","0.6509","178.06K","0.12%"
"02/21/2019","0.6516","0.6525","0.6531","0.6506","190.76K","-0.14%"
"02/20/2019","0.6525","0.6519","0.6532","0.6505","173.13K","0.11%"
"02/19/2019","0.6518","0.6515","0.6535","0.6506","157.88K","0.03%"
"02/18/2019","0.6516","0.6532","0.6534","0.6510","120.95K","-0.15%"
"02/15/2019","0.6526","0.6520","0.6553","0.6508","179.33K","0.11%"
"02/14/2019","0.6519","0.6531","0.6541","0.6513","182.52K","-0.20%"
"02/13/2019","0.6532","0.6511","0.6533","0.6500","181.93K","0.32%"
"02/12/2019","0.6511","0.6514","0.6534","0.6502","171.66K","-0.08%"
"02/11/2019","0.6516","0.6508","0.6522","0.6504","143.37K","0.15%"
"02/08/2019","0.6506","0.6502","0.6515","0.6492","178.18K","0.12%"
"02/07/2019","0.6498","0.6492","0.6511","0.6483","183.41K","0.11%"
"02/06/2019","0.6491","0.6480","0.6494","0.6478","200.33K","0.15%"
"02/05/2019","0.6481","0.6463","0.6491","0.6453","196.41K","0.29%"
"02/04/2019","0.6462","0.6469","0.6474","0.6452","142.52K","-0.05%"
"02/01/2019","0.6465","0.6493","0.6498","0.6452","195.12K","-0.42%"
"01/31/2019","0.6492","0.6464","0.6496","0.6452","204.53K","0.40%"
"01/30/2019","0.6466","0.6470","0.6485","0.6458","210.67K","-0.06%"
"01/29/2019","0.6470","0.6467","0.6482","0.6456","211.27K","0.02%"
"01/28/2019","0.6469","0.6477","0.6487","0.6458","189.72K","-0.09%"
"01/25/2019","0.6475","0.6501","0.6511","0.6468","200.56K","-0.37%"
"01/24/2019","0.6499","0.6466","0.6508","0.6456","189.53K","0.51%"
"01/23/2019","0.6466","0.6472","0.6481","0.6454","166.95K","-0.12%"
"01/22/2019","0.6474","0.6473","0.6482","0.6459","181.84K","0.02%"
"01/21/2019","0.6473","0.6476","0.6483","0.6455","151.93K","-0.08%"
"01/18/2019","0.6478","0.6472","0.6488","0.6462","182.77K","0.05%"
"01/17/2019","0.6475","0.6474","0.6484","0.6466","206.48K","0.03%"
"01/16/2019","0.6473","0.6456","0.6484","0.6455","","0.20%"
"01/15/2019","0.6460","0.6439","0.6479","0.6433","","0.34%"
"01/14/2019","0.6438","0.6445","0.6462","0.6431","","-0.08%"
"01/11/2019","0.6443","0.6431","0.6453","0.6415","187.31K","0.20%"
"01/10/2019","0.6430","0.6403","0.6438","0.6391","","0.44%"
"01/09/2019","0.6402","0.6434","0.6444","0.6396","","-0.51%"
"01/08/2019","0.6435","0.6425","0.6444","0.6423","7.61K","0.17%"
"01/07/2019","0.6424","0.6456","0.6462","0.6423","5.73K","-0.50%"
"01/04/2019","0.6456","0.6435","0.6466","0.6423","0.00K","0.33%"
"01/03/2019","0.6435","0.6453","0.6470","0.6428","10.00K","-0.25%"
"01/02/2019","0.6451","0.6398","0.6462","0.6378","9.40K","0.83%"
"01/01/2019","0.6398","0.6399","0.6425","0.6352","4.04K","0.03%"
"12/31/2018","0.6396","0.6396","0.6422","0.6387","","0.02%"
"12/28/2018","0.6395","0.6381","0.6407","0.6371","","0.20%"
"12/27/2018","0.6382","0.6418","0.6422","0.6365","","-0.61%"
"12/26/2018","0.6421","0.6410","0.6423","0.6379","","0.17%"
"12/25/2018","0.6410","0.6385","0.6414","0.6375","","0.34%"
"12/24/2018","0.6388","0.6403","0.6420","0.6370","","-0.19%"
"12/21/2018","0.6400","0.6372","0.6408","0.6365","","0.42%"
"12/20/2018","0.6373","0.6404","0.6411","0.6360","","-0.48%"
"12/19/2018","0.6404","0.6423","0.6424","0.6385","","-0.30%"
"12/18/2018","0.6423","0.6419","0.6433","0.6401","","0.06%"
"12/17/2018","0.6419","0.6424","0.6434","0.6407","","-0.03%"
"12/14/2018","0.6421","0.6418","0.6445","0.6408","","0.05%"
"12/13/2018","0.6418","0.6410","0.6434","0.6400","","0.12%"
"12/12/2018","0.6410","0.6433","0.6435","0.6403","","-0.34%"
"12/11/2018","0.6432","0.6407","0.6433","0.6391","","0.39%"
"12/10/2018","0.6407","0.6416","0.6416","0.6377","","-0.11%"
"12/07/2018","0.6414","0.6420","0.6430","0.6393","","-0.08%"
"12/06/2018","0.6419","0.6450","0.6451","0.6401","","-0.47%"
"12/05/2018","0.6449","0.6455","0.6465","0.6437","","-0.11%"
"12/04/2018","0.6456","0.6445","0.6472","0.6422","","0.22%"
"12/03/2018","0.6442","0.6448","0.6462","0.6422","","0.03%"
"11/30/2018","0.6440","0.6407","0.6446","0.6401","","0.56%"
"11/29/2018","0.6404","0.6411","0.6424","0.6401","","-0.08%"
"11/28/2018","0.6409","0.6431","0.6440","0.6400","","-0.33%"
"11/27/2018","0.6430","0.6417","0.6433","0.6408","","0.19%"
"11/26/2018","0.6418","0.6413","0.6424","0.6399","","0.08%"
"11/23/2018","0.6413","0.6387","0.6420","0.6377","","0.47%"
"11/22/2018","0.6383","0.6398","0.6401","0.6371","","-0.25%"
"11/21/2018","0.6399","0.6399","0.6402","0.6378","","0.03%"
"11/20/2018","0.6397","0.6365","0.6409","0.6352","","0.50%"
"11/19/2018","0.6365","0.6380","0.6392","0.6359","","-0.25%"
"11/16/2018","0.6381","0.6419","0.6423","0.6380","","-0.62%"
"11/15/2018","0.6421","0.6411","0.6438","0.6403","","0.16%"
"11/14/2018","0.6411","0.6422","0.6431","0.6391","","-0.16%"
"11/13/2018","0.6421","0.6442","0.6443","0.6415","","-0.28%"
"11/12/2018","0.6439","0.6399","0.6441","0.6396","","0.66%"
"11/09/2018","0.6397","0.6399","0.6411","0.6391","","0.00%"
"11/08/2018","0.6397","0.6378","0.6403","0.6370","","0.28%"
"11/07/2018","0.6379","0.6371","0.6382","0.6353","","0.13%"
"11/06/2018","0.6371","0.6377","0.6387","0.6367","","-0.06%"
"11/05/2018","0.6375","0.6383","0.6402","0.6367","","-0.19%"
"11/02/2018","0.6387","0.6369","0.6399","0.6362","","0.28%"
"11/01/2018","0.6369","0.6381","0.6382","0.6357","","-0.17%"
"10/31/2018","0.6380","0.6365","0.6383","0.6354","","0.25%"
"10/30/2018","0.6364","0.6353","0.6368","0.6348","","0.14%"
"10/29/2018","0.6355","0.6354","0.6365","0.6339","","0.03%"
"10/26/2018","0.6353","0.6364","0.6374","0.6345","","-0.20%"
"10/25/2018","0.6366","0.6358","0.6378","0.6342","","0.14%"
"10/24/2018","0.6357","0.6324","0.6365","0.6320","","0.54%"
"10/23/2018","0.6323","0.6321","0.6334","0.6312","","0.05%"
"10/22/2018","0.6320","0.6309","0.6324","0.6288","","0.25%"
"10/19/2018","0.6304","0.6319","0.6344","0.6296","","-0.24%"
"10/18/2018","0.6319","0.6308","0.6322","0.6297","","0.14%"
"10/17/2018","0.6310","0.6282","0.6317","0.6277","","0.43%"
"10/16/2018","0.6283","0.6274","0.6291","0.6262","","0.16%"
"10/15/2018","0.6273","0.6274","0.6291","0.6261","","-0.06%"
"10/12/2018","0.6277","0.6268","0.6293","0.6260","","0.16%"
"10/11/2018","0.6267","0.6274","0.6280","0.6250","","-0.11%"
"10/10/2018","0.6274","0.6293","0.6306","0.6268","","-0.35%"
"10/09/2018","0.6296","0.6290","0.6310","0.6283","","0.11%"
"10/08/2018","0.6289","0.6278","0.6300","0.6268","","0.22%"
"10/05/2018","0.6275","0.6290","0.6299","0.6272","","-0.22%"
"10/04/2018","0.6289","0.6313","0.6320","0.6284","","-0.41%"
"10/03/2018","0.6315","0.6308","0.6324","0.6281","","0.13%"
"10/02/2018","0.6307","0.6296","0.6316","0.6290","","0.16%"
"10/01/2018","0.6297","0.6306","0.6307","0.6280","","-0.10%"
"09/28/2018","0.6303","0.6279","0.6318","0.6276","","0.38%"
"09/27/2018","0.6279","0.6237","0.6282","0.6228","","0.66%"
"09/26/2018","0.6238","0.6219","0.6245","0.6213","","0.31%"
"09/25/2018","0.6219","0.6231","0.6238","0.6210","","-0.21%"
"09/24/2018","0.6232","0.6237","0.6243","0.6206","","-0.11%"
"09/21/2018","0.6239","0.6223","0.6243","0.6216","","0.27%"
"09/20/2018","0.6222","0.6258","0.6260","0.6218","","-0.58%"
"09/19/2018","0.6258","0.6251","0.6260","0.6236","","0.10%"
"09/18/2018","0.6252","0.6239","0.6257","0.6229","","0.22%"
"09/17/2018","0.6238","0.6257","0.6264","0.6234","","-0.30%"
"09/14/2018","0.6257","0.6242","0.6264","0.6234","","0.24%"
"09/13/2018","0.6242","0.6270","0.6280","0.6240","","-0.43%"
"09/12/2018","0.6269","0.6265","0.6279","0.6247","","0.10%"
"09/11/2018","0.6263","0.6258","0.6277","0.6247","","0.11%"
"09/10/2018","0.6256","0.6276","0.6283","0.6245","","-0.35%"
"09/07/2018","0.6278","0.6260","0.6280","0.6241","","0.27%"
"09/06/2018","0.6261","0.6249","0.6265","0.6238","","0.18%"
"09/05/2018","0.6250","0.6274","0.6281","0.6247","","-0.38%"
"09/04/2018","0.6274","0.6274","0.6296","0.6268","","0.03%"
"09/03/2018","0.6272","0.6285","0.6295","0.6270","","-0.13%"
"08/31/2018","0.6280","0.6267","0.6290","0.6252","","0.22%"
"08/30/2018","0.6266","0.6260","0.6282","0.6251","","0.10%"
"08/29/2018","0.6260","0.6268","0.6279","0.6256","","-0.14%"
"08/28/2018","0.6269","0.6287","0.6289","0.6261","","-0.27%"
"08/27/2018","0.6286","0.6300","0.6310","0.6278","","-0.22%"
"08/24/2018","0.6300","0.6308","0.6313","0.6290","","-0.11%"
"08/23/2018","0.6307","0.6310","0.6319","0.6293","","-0.05%"
"08/22/2018","0.6310","0.6327","0.6332","0.6299","","-0.28%"
"08/21/2018","0.6328","0.6361","0.6362","0.6315","","-0.52%"
"08/20/2018","0.6361","0.6372","0.6395","0.6358","","-0.27%"
"08/17/2018","0.6378","0.6389","0.6398","0.6371","","-0.16%"
"08/16/2018","0.6388","0.6386","0.6401","0.6378","","0.02%"
"08/15/2018","0.6387","0.6399","0.6409","0.6383","","-0.17%"
"08/14/2018","0.6398","0.6370","0.6406","0.6368","","0.42%"
"08/13/2018","0.6371","0.6395","0.6407","0.6360","","-0.16%"
"08/10/2018","0.6381","0.6342","0.6395","0.6338","","0.61%"
"08/09/2018","0.6342","0.6321","0.6347","0.6313","","0.33%"
"08/08/2018","0.6321","0.6319","0.6331","0.6306","","0.03%"
"08/07/2018","0.6319","0.6327","0.6331","0.6317","","-0.13%"
"08/06/2018","0.6327","0.6321","0.6340","0.6321","","0.00%"
"08/03/2018","0.6327","0.6307","0.6331","0.6296","","0.32%"
"08/02/2018","0.6307","0.6298","0.6308","0.6286","","0.14%"
"08/01/2018","0.6298","0.6282","0.6299","0.6276","","0.25%"
"07/31/2018","0.6282","0.6275","0.6288","0.6255","","0.13%"
"07/30/2018","0.6274","0.6299","0.6303","0.6270","","-0.40%"
"07/27/2018","0.6299","0.6298","0.6315","0.6292","","0.00%"
"07/26/2018","0.6299","0.6277","0.6302","0.6260","","0.37%"
"07/25/2018","0.6276","0.6273","0.6290","0.6266","","0.03%"
"07/24/2018","0.6274","0.6265","0.6280","0.6256","","0.16%"
"07/23/2018","0.6264","0.6259","0.6271","0.6249","","0.03%"
"07/20/2018","0.6262","0.6266","0.6284","0.6253","","-0.06%"
"07/19/2018","0.6266","0.6292","0.6297","0.6259","","-0.44%"
"07/18/2018","0.6294","0.6285","0.6300","0.6279","","0.18%"
"07/17/2018","0.6283","0.6272","0.6289","0.6262","","0.21%"
"07/16/2018","0.6270","0.6270","0.6280","0.6261","","0.05%"
"07/13/2018","0.6267","0.6284","0.6298","0.6262","","-0.27%"
"07/12/2018","0.6284","0.6279","0.6297","0.6273","","0.06%"
"07/11/2018","0.6280","0.6276","0.6288","0.6258","","0.10%"
"07/10/2018","0.6274","0.6273","0.6302","0.6269","","0.03%"
"07/09/2018","0.6272","0.6272","0.6281","0.6261","","0.02%"
"07/06/2018","0.6271","0.6269","0.6281","0.6258","","0.05%"
"07/05/2018","0.6268","0.6286","0.6288","0.6260","","-0.27%"
"07/04/2018","0.6285","0.6285","0.6301","0.6274","","-0.02%"
"07/03/2018","0.6286","0.6276","0.6291","0.6259","","0.18%"
"07/02/2018","0.6275","0.6298","0.6309","0.6269","","-0.08%"
"06/29/2018","0.6280","0.6320","0.6325","0.6277","","-0.63%"
"06/28/2018","0.6320","0.6331","0.6337","0.6310","","-0.16%"
"06/27/2018","0.6330","0.6298","0.6334","0.6287","","0.49%"
"06/26/2018","0.6299","0.6272","0.6304","0.6267","","0.43%"
"06/25/2018","0.6272","0.6320","0.6320","0.6266","","-0.70%"
"06/22/2018","0.6316","0.6345","0.6347","0.6310","","-0.46%"
"06/21/2018","0.6345","0.6361","0.6377","0.6333","","-0.25%"
"06/20/2018","0.6361","0.6359","0.6387","0.6350","","0.03%"
"06/19/2018","0.6359","0.6367","0.6383","0.6354","","-0.11%"
"06/18/2018","0.6366","0.6378","0.6399","0.6364","","-0.17%"
"06/15/2018","0.6377","0.6428","0.6438","0.6370","","-0.78%"
"06/14/2018","0.6427","0.6351","0.6431","0.6327","","1.21%"
"06/13/2018","0.6350","0.6369","0.6377","0.6343","","-0.31%"
"06/12/2018","0.6370","0.6359","0.6379","0.6350","","0.20%"
"06/11/2018","0.6357","0.6366","0.6372","0.6340","","-0.11%"
"06/08/2018","0.6364","0.6353","0.6379","0.6347","","0.16%"
"06/07/2018","0.6354","0.6374","0.6376","0.6341","","-0.31%"
"06/06/2018","0.6374","0.6394","0.6408","0.6363","","-0.31%"
"06/05/2018","0.6394","0.6395","0.6422","0.6385","","-0.02%"
"06/04/2018","0.6395","0.6409","0.6411","0.6381","","-0.20%"
"06/01/2018","0.6408","0.6391","0.6424","0.6380","","0.22%"
"05/31/2018","0.6394","0.6401","0.6415","0.6380","","-0.12%"
"05/30/2018","0.6402","0.6441","0.6452","0.6398","","-0.57%"
"05/29/2018","0.6439","0.6407","0.6450","0.6392","","0.48%"
"05/28/2018","0.6408","0.6397","0.6419","0.6370","","0.17%"
"05/25/2018","0.6397","0.6372","0.6403","0.6363","","0.39%"
"05/24/2018","0.6372","0.6365","0.6373","0.6348","","0.11%"
"05/23/2018","0.6365","0.6339","0.6367","0.6324","","0.39%"
"05/22/2018","0.6340","0.6328","0.6347","0.6316","","0.16%"
"05/21/2018","0.6330","0.6332","0.6338","0.6315","","0.13%"
"05/18/2018","0.6322","0.6317","0.6331","0.6303","","0.08%"
"05/17/2018","0.6317","0.6319","0.6324","0.6303","","-0.03%"
"05/16/2018","0.6319","0.6282","0.6330","0.6279","","0.59%"
"05/15/2018","0.6282","0.6274","0.6296","0.6263","","0.10%"
"05/14/2018","0.6276","0.6264","0.6279","0.6254","","0.16%"
"05/11/2018","0.6266","0.6277","0.6290","0.6263","","-0.14%"
"05/10/2018","0.6275","0.6270","0.6287","0.6254","","0.08%"
"05/09/2018","0.6270","0.6289","0.6292","0.6261","","-0.32%"
"05/08/2018","0.6290","0.6281","0.6300","0.6272","","0.14%"
"05/07/2018","0.6281","0.6271","0.6286","0.6261","","0.19%"
"05/04/2018","0.6269","0.6270","0.6289","0.6254","","0.02%"
"05/03/2018","0.6268","0.6261","0.6278","0.6252","","0.11%"
"05/02/2018","0.6261","0.6253","0.6267","0.6229","","0.14%"
"05/01/2018","0.6252","0.6244","0.6258","0.6236","","0.14%"
"04/30/2018","0.6243","0.6230","0.6256","0.6220","","0.24%"
"04/27/2018","0.6228","0.6222","0.6253","0.6215","","0.11%"
"04/26/2018","0.6221","0.6190","0.6229","0.6182","","0.52%"
"04/25/2018","0.6189","0.6183","0.6191","0.6168","","0.11%"
"04/24/2018","0.6182","0.6180","0.6203","0.6176","","0.05%"
"04/23/2018","0.6179","0.6182","0.6194","0.6172","","-0.08%"
"04/20/2018","0.6184","0.6176","0.6197","0.6166","","0.15%"
"04/19/2018","0.6175","0.6169","0.6190","0.6160","","0.10%"
"04/18/2018","0.6169","0.6166","0.6178","0.6157","","0.08%"
"04/17/2018","0.6164","0.6164","0.6183","0.6153","","-0.03%"
"04/16/2018","0.6166","0.6182","0.6184","0.6154","","-0.23%"
"04/13/2018","0.6180","0.6180","0.6201","0.6177","","0.00%"
"04/12/2018","0.6180","0.6177","0.6195","0.6170","","0.05%"
"04/11/2018","0.6177","0.6182","0.6186","0.6165","","-0.06%"
"04/10/2018","0.6181","0.6189","0.6202","0.6168","","-0.11%"
"04/09/2018","0.6188","0.6188","0.6208","0.6182","","0.00%"
"04/06/2018","0.6188","0.6208","0.6210","0.6179","","-0.31%"
"04/05/2018","0.6207","0.6208","0.6216","0.6196","","0.00%"
"04/04/2018","0.6207","0.6214","0.6217","0.6183","","-0.10%"
"04/03/2018","0.6213","0.6192","0.6223","0.6190","","0.32%"
"04/02/2018","0.6193","0.6190","0.6206","0.6183","","0.05%"
"03/30/2018","0.6190","0.6201","0.6204","0.6185","","-0.13%"
"03/29/2018","0.6198","0.6193","0.6212","0.6180","","0.08%"
"03/28/2018","0.6193","0.6155","0.6199","0.6149","","0.65%"
"03/27/2018","0.6153","0.6140","0.6172","0.6135","","0.20%"
"03/26/2018","0.6141","0.6158","0.6169","0.6127","","-0.21%"
"03/23/2018","0.6154","0.6171","0.6179","0.6146","","-0.28%"
"03/22/2018","0.6171","0.6174","0.6181","0.6152","","-0.06%"
"03/21/2018","0.6175","0.6194","0.6195","0.6169","","-0.29%"
"03/20/2018","0.6193","0.6155","0.6196","0.6150","","0.60%"
"03/19/2018","0.6156","0.6179","0.6189","0.6151","","-0.31%"
"03/16/2018","0.6175","0.6188","0.6191","0.6169","","-0.21%"
"03/15/2018","0.6188","0.6176","0.6190","0.6161","","0.19%"
"03/14/2018","0.6176","0.6153","0.6186","0.6146","","0.41%"
"03/13/2018","0.6151","0.6173","0.6181","0.6148","","-0.39%"
"03/12/2018","0.6175","0.6174","0.6190","0.6166","","0.08%"
"03/09/2018","0.6170","0.6165","0.6185","0.6157","","0.08%"
"03/08/2018","0.6165","0.6131","0.6172","0.6112","","0.55%"
"03/07/2018","0.6131","0.6126","0.6139","0.6103","","0.08%"
"03/06/2018","0.6126","0.6149","0.6153","0.6119","","-0.36%"
"03/05/2018","0.6148","0.6149","0.6169","0.6132","","-0.07%"
"03/02/2018","0.6152","0.6161","0.6178","0.6135","","-0.15%"
"03/01/2018","0.6161","0.6189","0.6196","0.6157","","-0.47%"
"02/28/2018","0.6190","0.6173","0.6200","0.6169","","0.28%"
"02/27/2018","0.6173","0.6169","0.6183","0.6145","","0.06%"
"02/26/2018","0.6169","0.6162","0.6178","0.6154","","0.10%"
"02/23/2018","0.6163","0.6148","0.6167","0.6137","","0.24%"
"02/22/2018","0.6148","0.6150","0.6165","0.6142","","-0.03%"
"02/21/2018","0.6150","0.6146","0.6154","0.6137","","0.07%"
"02/20/2018","0.6146","0.6137","0.6151","0.6131","","0.16%"
"02/19/2018","0.6136","0.6142","0.6152","0.6129","","-0.13%"
"02/16/2018","0.6144","0.6107","0.6146","0.6095","","0.59%"
"02/15/2018","0.6108","0.6111","0.6119","0.6098","","-0.07%"
"02/14/2018","0.6112","0.6121","0.6155","0.6104","","-0.15%"
"02/13/2018","0.6121","0.6150","0.6152","0.6112","","-0.46%"
"02/12/2018","0.6149","0.6138","0.6165","0.6131","","0.03%"
"02/09/2018","0.6147","0.6134","0.6152","0.6109","","0.23%"
"02/08/2018","0.6133","0.6153","0.6159","0.6125","","-0.31%"
"02/07/2018","0.6152","0.6126","0.6163","0.6117","","0.42%"
"02/06/2018","0.6126","0.6117","0.6141","0.6089","","0.13%"
"02/05/2018","0.6118","0.6083","0.6119","0.6077","","0.61%"
"02/02/2018","0.6081","0.6109","0.6113","0.6078","","-0.47%"
"02/01/2018","0.6110","0.6139","0.6149","0.6105","","-0.42%"
"01/31/2018","0.6136","0.6148","0.6152","0.6128","","-0.20%"
"01/30/2018","0.6148","0.6163","0.6168","0.6133","","-0.24%"
"01/29/2018","0.6163","0.6152","0.6178","0.6149","","0.11%"
"01/26/2018","0.6156","0.6153","0.6165","0.6133","","-0.02%"
"01/25/2018","0.6157","0.6166","0.6177","0.6126","","-0.13%"
"01/24/2018","0.6165","0.6172","0.6187","0.6160","","-0.11%"
"01/23/2018","0.6172","0.6183","0.6199","0.6167","","-0.18%"
"01/22/2018","0.6183","0.6176","0.6196","0.6170","","-0.18%"
"01/19/2018","0.6194","0.6186","0.6197","0.6168","","0.13%"
"01/18/2018","0.6186","0.6195","0.6202","0.6174","","-0.15%"
"01/17/2018","0.6195","0.6175","0.6197","0.6154","","0.32%"
"01/16/2018","0.6175","0.6170","0.6191","0.6159","","0.05%"
"01/15/2018","0.6172","0.6187","0.6205","0.6157","","-0.31%"
"01/12/2018","0.6191","0.6252","0.6253","0.6190","","-0.98%"
"01/11/2018","0.6252","0.6272","0.6283","0.6234","","-0.33%"
"01/10/2018","0.6273","0.6272","0.6280","0.6249","","0.00%"
"01/09/2018","0.6273","0.6271","0.6284","0.6268","","0.03%"
"01/08/2018","0.6271","0.6269","0.6279","0.6251","","0.08%"
"01/05/2018","0.6266","0.6243","0.6269","0.6239","","0.43%"
"01/04/2018","0.6239","0.6262","0.6264","0.6225","","-0.30%"
"01/03/2018","0.6258","0.6239","0.6266","0.6232","","0.30%"
"01/02/2018","0.6239","0.6228","0.6254","0.6222","","0.18%"
"01/01/2018","0.6228","0.6230","0.6234","0.6223","","-0.06%"
"12/29/2017","0.6232","0.6260","0.6267","0.6219","","-0.45%"
"12/28/2017","0.6260","0.6278","0.6278","0.6250","","-0.29%"
"12/27/2017","0.6278","0.6278","0.6284","0.6268","","0.02%"
"12/26/2017","0.6277","0.6269","0.6281","0.6262","","0.13%"
"12/25/2017","0.6269","0.6273","0.6283","0.6259","","-0.10%"
"12/22/2017","0.6275","0.6268","0.6291","0.6266","","0.11%"
"12/21/2017","0.6268","0.6269","0.6277","0.6251","","0.00%"
"12/20/2017","0.6268","0.6271","0.6280","0.6248","","-0.06%"
"12/19/2017","0.6272","0.6300","0.6301","0.6264","","-0.44%"
"12/18/2017","0.6300","0.6306","0.6319","0.6272","","-0.16%"
"12/15/2017","0.6310","0.6310","0.6315","0.6289","","0.02%"
"12/14/2017","0.6309","0.6279","0.6311","0.6259","","0.46%"
"12/13/2017","0.6280","0.6299","0.6303","0.6274","","-0.30%"
"12/12/2017","0.6299","0.6288","0.6306","0.6277","","0.19%"
"12/11/2017","0.6287","0.6280","0.6291","0.6268","","0.02%"
"12/08/2017","0.6286","0.6283","0.6299","0.6277","","0.03%"
"12/07/2017","0.6284","0.6284","0.6290","0.6274","","0.02%"
"12/06/2017","0.6283","0.6278","0.6291","0.6267","","0.11%"
"12/05/2017","0.6276","0.6253","0.6288","0.6252","","0.35%"
"12/04/2017","0.6254","0.6251","0.6268","0.6244","","0.16%"
"12/01/2017","0.6244","0.6230","0.6267","0.6220","","0.24%"