,DATE,Grams of gold / MWh,DEMAND (MW)
0,2018-05-01 00:30:00,1.83109,5531.819
1,2018-05-01 01:00:00,1.77291,5434.407
2,2018-05-01 01:30:00,1.83564,5403.26
3,2018-05-01 02:00:00,1.81927,5320.798
4,2018-05-01 02:30:00,1.73891,5243.41
5,2018-05-01 03:00:00,1.70127,5176.061
6,2018-05-01 03:30:00,1.68618,5125.293
7,2018-05-01 04:00:00,1.68618,5088.127
8,2018-05-01 04:30:00,1.66782,5051.359
9,2018-05-01 05:00:00,1.66764,5060.847
10,2018-05-01 05:30:00,1.65109,5090.219
11,2018-05-01 06:00:00,1.66964,5138.389
12,2018-05-01 06:30:00,1.66964,5149.71
13,2018-05-01 07:00:00,1.66964,5177.423
14,2018-05-01 07:30:00,1.66782,5229.151
15,2018-05-01 08:00:00,1.55055,5314.52
16,2018-05-01 08:30:00,1.55036,5424.367
17,2018-05-01 09:00:00,1.65364,5540.094
18,2018-05-01 09:30:00,1.71436,5651.631
19,2018-05-01 10:00:00,1.75255,5747.497
20,2018-05-01 10:30:00,1.77982,5809.403
21,2018-05-01 11:00:00,1.75236,5857.876
22,2018-05-01 11:30:00,1.72055,5815.884
23,2018-05-01 12:00:00,1.71491,5791.909
24,2018-05-01 12:30:00,1.65564,5754.455
25,2018-05-01 13:00:00,1.65673,5760.016
26,2018-05-01 13:30:00,1.71455,5791.064
27,2018-05-01 14:00:00,1.71473,5795.661
28,2018-05-01 14:30:00,1.72091,5810.432
29,2018-05-01 15:00:00,1.72636,5799.498
30,2018-05-01 15:30:00,1.67564,5779.027
31,2018-05-01 16:00:00,1.664,5758.49
32,2018-05-01 16:30:00,1.66455,5742.537
33,2018-05-01 17:00:00,1.66436,5721.081
34,2018-05-01 17:30:00,1.664,5717.652
35,2018-05-01 18:00:00,1.65491,5712.24
36,2018-05-01 18:30:00,1.66455,5756.179
37,2018-05-01 19:00:00,1.80782,5862.766
38,2018-05-01 19:30:00,2.23891,5943.404
39,2018-05-01 20:00:00,2.37091,5998.392
40,2018-05-01 20:30:00,4.31382,6011.285
41,2018-05-01 21:00:00,4.27291,6049.608
42,2018-05-01 21:30:00,4.27291,6040.558
43,2018-05-01 22:00:00,2.23945,5957.151
44,2018-05-01 22:30:00,1.78018,5838.995
45,2018-05-01 23:00:00,1.73218,5717.577
46,2018-05-01 23:30:00,1.83036,5609.102
47,2018-05-02 00:00:00,1.77127,5519.394
48,2018-05-02 00:30:00,1.75291,5409.88
49,2018-05-02 01:00:00,1.71582,5287.146
50,2018-05-02 01:30:00,1.66491,5160.485
51,2018-05-02 02:00:00,1.75218,5098.216
52,2018-05-02 02:30:00,1.74109,5036.866
53,2018-05-02 03:00:00,1.71491,4996.52
54,2018-05-02 03:30:00,1.68345,4951.705
55,2018-05-02 04:00:00,1.56836,4925.131
56,2018-05-02 04:30:00,1.55,4930.2
57,2018-05-02 05:00:00,1.564,4950.528
58,2018-05-02 05:30:00,1.65455,5015.257
59,2018-05-02 06:00:00,1.72182,5150.217
60,2018-05-02 06:30:00,1.65491,5330.936
61,2018-05-02 07:00:00,1.70582,5517.595
62,2018-05-02 07:30:00,1.56927,5715.207
63,2018-05-02 08:00:00,1.69509,6002.865
64,2018-05-02 08:30:00,1.77236,6284.918
65,2018-05-02 09:00:00,1.80782,6489.632
66,2018-05-02 09:30:00,1.84618,6630.224
67,2018-05-02 10:00:00,1.83218,6695.649
68,2018-05-02 10:30:00,1.84709,6769.359
69,2018-05-02 11:00:00,1.83873,6825.231
70,2018-05-02 11:30:00,1.81709,6805.247
71,2018-05-02 12:00:00,1.78055,6758.524
72,2018-05-02 12:30:00,1.75509,6697.398
73,2018-05-02 13:00:00,1.77891,6724.519
74,2018-05-02 13:30:00,1.80927,6788.632
75,2018-05-02 14:00:00,1.83473,6831.429
76,2018-05-02 14:30:00,1.84709,6852.999
77,2018-05-02 15:00:00,1.83455,6839.316
78,2018-05-02 15:30:00,1.83309,6834.331
79,2018-05-02 16:00:00,1.84764,6847.656
80,2018-05-02 16:30:00,1.83382,6833.745
81,2018-05-02 17:00:00,1.82127,6814.924
82,2018-05-02 17:30:00,1.80891,6722.914
83,2018-05-02 18:00:00,1.83164,6584.211
84,2018-05-02 18:30:00,1.79855,6484.26
85,2018-05-02 19:00:00,1.80891,6494.06
86,2018-05-02 19:30:00,1.82782,6508.25
87,2018-05-02 20:00:00,1.84327,6472.287
88,2018-05-02 20:30:00,1.846,6423.139
89,2018-05-02 21:00:00,2.20127,6384.363
90,2018-05-02 21:30:00,2.37127,6320.22
91,2018-05-02 22:00:00,1.90418,6203.653
92,2018-05-02 22:30:00,1.80873,6047.039
93,2018-05-02 23:00:00,1.74818,5913.863
94,2018-05-02 23:30:00,1.67,5761.716
95,2018-05-03 00:00:00,1.55055,5573.075
96,2018-05-03 00:30:00,1.71109,5395.198
97,2018-05-03 01:00:00,1.65164,5282.121
98,2018-05-03 01:30:00,1.70964,5254.577
99,2018-05-03 02:00:00,1.74127,5181.558
100,2018-05-03 02:30:00,1.71927,5123.076
101,2018-05-03 03:00:00,1.66636,5061.06
102,2018-05-03 03:30:00,1.67545,5039.252
103,2018-05-03 04:00:00,1.65618,5004.83
104,2018-05-03 04:30:00,1.65618,4994.954
105,2018-05-03 05:00:00,1.67455,5024.605
106,2018-05-03 05:30:00,1.71618,5097.928
107,2018-05-03 06:00:00,1.75909,5237.451
108,2018-05-03 06:30:00,1.76,5412.186
109,2018-05-03 07:00:00,1.748,5582.592
110,2018-05-03 07:30:00,1.64018,5782.799
111,2018-05-03 08:00:00,1.70673,6058.211
112,2018-05-03 08:30:00,1.75636,6324.096
113,2018-05-03 09:00:00,1.75327,6522.772
114,2018-05-03 09:30:00,1.80164,6645.168
115,2018-05-03 10:00:00,1.81636,6728.436
116,2018-05-03 10:30:00,1.83382,6801.813
117,2018-05-03 11:00:00,1.81764,6827.93
118,2018-05-03 11:30:00,1.79527,6808.368
119,2018-05-03 12:00:00,1.74255,6735.801
120,2018-05-03 12:30:00,1.73782,6690.45
121,2018-05-03 13:00:00,1.73818,6717.218
122,2018-05-03 13:30:00,1.79836,6784.179
123,2018-05-03 14:00:00,1.81273,6811.927
124,2018-05-03 14:30:00,1.83382,6825.639
125,2018-05-03 15:00:00,1.81291,6803.438
126,2018-05-03 15:30:00,1.83382,6810.302
127,2018-05-03 16:00:00,1.83527,6821.782
128,2018-05-03 16:30:00,1.83364,6815.371
129,2018-05-03 17:00:00,1.81073,6763.096
130,2018-05-03 17:30:00,1.738,6664.049
131,2018-05-03 18:00:00,1.66182,6479.717
132,2018-05-03 18:30:00,1.57255,6363.2
133,2018-05-03 19:00:00,1.73582,6369.353
134,2018-05-03 19:30:00,1.74182,6385.729
135,2018-05-03 20:00:00,1.81145,6362.808
136,2018-05-03 20:30:00,1.79291,6323.391
137,2018-05-03 21:00:00,2.24145,6285.375
138,2018-05-03 21:30:00,2.20236,6222.589
139,2018-05-03 22:00:00,1.83218,6118.661
140,2018-05-03 22:30:00,1.73727,5989.372
141,2018-05-03 23:00:00,1.71891,5855.192
142,2018-05-03 23:30:00,1.66127,5727.06
143,2018-05-04 00:00:00,1.56018,5609.689
144,2018-05-04 00:30:00,1.76255,5514.826
145,2018-05-04 01:00:00,1.70891,5400.069
146,2018-05-04 01:30:00,1.69509,5269.269
147,2018-05-04 02:00:00,1.75545,5201.831
148,2018-05-04 02:30:00,1.74145,5139.78
149,2018-05-04 03:00:00,1.69455,5093.082
150,2018-05-04 03:30:00,1.65818,5053.436
151,2018-05-04 04:00:00,1.65782,5030.092
152,2018-05-04 04:30:00,1.65782,5038.695
153,2018-05-04 05:00:00,1.668,5055.161
154,2018-05-04 05:30:00,1.69436,5126.863
155,2018-05-04 06:00:00,1.77182,5261.013
156,2018-05-04 06:30:00,1.76182,5443.139
157,2018-05-04 07:00:00,1.762,5608.237
158,2018-05-04 07:30:00,1.65,5792.779
159,2018-05-04 08:00:00,1.72364,6063.564
160,2018-05-04 08:30:00,1.834,6362.798
161,2018-05-04 09:00:00,1.82182,6531.335
162,2018-05-04 09:30:00,1.75309,6644.577
163,2018-05-04 10:00:00,1.77273,6717.278
164,2018-05-04 10:30:00,1.82655,6793.612
165,2018-05-04 11:00:00,1.82564,6841.821
166,2018-05-04 11:30:00,1.81182,6835.639
167,2018-05-04 12:00:00,1.774,6780.402
168,2018-05-04 12:30:00,1.75036,6726.746
169,2018-05-04 13:00:00,1.78709,6735.021
170,2018-05-04 13:30:00,1.81091,6785.78
171,2018-05-04 14:00:00,1.82564,6800.048
172,2018-05-04 14:30:00,1.82564,6808.408
173,2018-05-04 15:00:00,1.812,6807.657
174,2018-05-04 15:30:00,1.82164,6812.538
175,2018-05-04 16:00:00,1.83527,6824.739
176,2018-05-04 16:30:00,1.83291,6808.279
177,2018-05-04 17:00:00,1.80891,6767.202
178,2018-05-04 17:30:00,1.77182,6682.742
179,2018-05-04 18:00:00,1.73691,6560.713
180,2018-05-04 18:30:00,1.67782,6469.424
181,2018-05-04 19:00:00,1.73691,6500.169
182,2018-05-04 19:30:00,1.73873,6517.981
183,2018-05-04 20:00:00,1.75982,6512.464
184,2018-05-04 20:30:00,1.76073,6453.61
185,2018-05-04 21:00:00,2.20109,6400.868
186,2018-05-04 21:30:00,1.92564,6336.278
187,2018-05-04 22:00:00,1.83436,6222.276
188,2018-05-04 22:30:00,1.86855,6091.54
189,2018-05-04 23:00:00,2.48036,5965.546
190,2018-05-04 23:30:00,2.08727,5838.468
191,2018-05-05 00:00:00,1.97455,5678.175
192,2018-05-05 00:30:00,2.368,5503.634
193,2018-05-05 01:00:00,2.00927,5394.86
194,2018-05-05 01:30:00,1.86582,5346.278
195,2018-05-05 02:00:00,1.83382,5264.835
196,2018-05-05 02:30:00,1.80491,5203.863
197,2018-05-05 03:00:00,1.768,5149.794
198,2018-05-05 03:30:00,1.73891,5102.291
199,2018-05-05 04:00:00,1.72436,5074.961
200,2018-05-05 04:30:00,1.72418,5060.136
201,2018-05-05 05:00:00,1.724,5066.035
202,2018-05-05 05:30:00,1.72436,5094.737
203,2018-05-05 06:00:00,1.73673,5143.408
204,2018-05-05 06:30:00,1.73909,5233.792
205,2018-05-05 07:00:00,1.72527,5290.237
206,2018-05-05 07:30:00,1.74182,5378.424
207,2018-05-05 08:00:00,1.83455,5556.718
208,2018-05-05 08:30:00,2.74491,5802.047
209,2018-05-05 09:00:00,2.72018,5976.499
210,2018-05-05 09:30:00,7.31364,6102.509
211,2018-05-05 10:00:00,11.18545,6215.233
212,2018-05-05 10:30:00,14.88218,6292.01
213,2018-05-05 11:00:00,17.50945,6331.581
214,2018-05-05 11:30:00,16.67818,6319.762
215,2018-05-05 12:00:00,13.77545,6261.286
216,2018-05-05 12:30:00,10.472,6207.495
217,2018-05-05 13:00:00,6.76291,6166.344
218,2018-05-05 13:30:00,5.50436,6156.468
219,2018-05-05 14:00:00,4.862,6143.402
220,2018-05-05 14:30:00,3.11218,6121.186
221,2018-05-05 15:00:00,3.55127,6096.828
222,2018-05-05 15:30:00,5.09055,6063.166
223,2018-05-05 16:00:00,5.05855,6051.248
224,2018-05-05 16:30:00,5.05836,6026.771
225,2018-05-05 17:00:00,3.11091,5998.338
226,2018-05-05 17:30:00,2.36873,5962.082
227,2018-05-05 18:00:00,2.184,5923.047
228,2018-05-05 18:30:00,2.24073,5942.604
229,2018-05-05 19:00:00,2.926,5987.692
230,2018-05-05 19:30:00,5.51018,6049.688
231,2018-05-05 20:00:00,7.35,6071.327
232,2018-05-05 20:30:00,7.35,6067.525
233,2018-05-05 21:00:00,7.1,6058.917
234,2018-05-05 21:30:00,5.37818,6022.223
235,2018-05-05 22:00:00,2.37145,5975.515
236,2018-05-05 22:30:00,1.86891,5884.515
237,2018-05-05 23:00:00,1.84727,5808.707
238,2018-05-05 23:30:00,1.83055,5722.637
239,2018-05-06 00:00:00,2.20218,5631.646
240,2018-05-06 00:30:00,1.86727,5537.738
241,2018-05-06 01:00:00,1.82855,5434.466
242,2018-05-06 01:30:00,1.76109,5340.359
243,2018-05-06 02:00:00,1.73327,5261.132
244,2018-05-06 02:30:00,1.68691,5194.708
245,2018-05-06 03:00:00,1.67273,5148.423
246,2018-05-06 03:30:00,1.66309,5088.47
247,2018-05-06 04:00:00,1.65964,5058.55
248,2018-05-06 04:30:00,1.60836,5031.036
249,2018-05-06 05:00:00,1.60836,5030.321
250,2018-05-06 05:30:00,1.57745,5068.336
251,2018-05-06 06:00:00,1.57582,5100.825
252,2018-05-06 06:30:00,1.58455,5130.71
253,2018-05-06 07:00:00,1.59691,5162.483
254,2018-05-06 07:30:00,1.65982,5213.917
255,2018-05-06 08:00:00,1.67291,5297.831
256,2018-05-06 08:30:00,1.68582,5391.476
257,2018-05-06 09:00:00,1.73418,5516.894
258,2018-05-06 09:30:00,1.79164,5655.01
259,2018-05-06 10:00:00,1.86745,5759.435
260,2018-05-06 10:30:00,2.07091,5838.984
261,2018-05-06 11:00:00,1.84527,5872.586
262,2018-05-06 11:30:00,1.84509,5873.392
263,2018-05-06 12:00:00,1.83091,5846.007
264,2018-05-06 12:30:00,1.81018,5814.984
265,2018-05-06 13:00:00,1.82745,5834.457
266,2018-05-06 13:30:00,1.83273,5864.47
267,2018-05-06 14:00:00,1.83691,5870.713
268,2018-05-06 14:30:00,1.83691,5869.898
269,2018-05-06 15:00:00,1.84291,5866.275
270,2018-05-06 15:30:00,1.83273,5861.146
271,2018-05-06 16:00:00,1.87127,5870.43
272,2018-05-06 16:30:00,1.85055,5857.95
273,2018-05-06 17:00:00,1.84891,5830.053
274,2018-05-06 17:30:00,1.82782,5814.462
275,2018-05-06 18:00:00,1.83073,5822.032
276,2018-05-06 18:30:00,1.84527,5851.076
277,2018-05-06 19:00:00,2.37036,5938.22
278,2018-05-06 19:30:00,5.262,6039.146
279,2018-05-06 20:00:00,5.356,6072.639
280,2018-05-06 20:30:00,7.06582,6096.729
281,2018-05-06 21:00:00,10.05909,6150.772
282,2018-05-06 21:30:00,10.29745,6154.445
283,2018-05-06 22:00:00,8.00964,6096.147
284,2018-05-06 22:30:00,3.67036,5978.711
285,2018-05-06 23:00:00,2.07291,5872.502
286,2018-05-06 23:30:00,2.37073,5764.902
287,2018-05-07 00:00:00,1.86745,5626.01
288,2018-05-07 00:30:00,1.77836,5491.105
289,2018-05-07 01:00:00,1.70891,5360.398
290,2018-05-07 01:30:00,1.66436,5263.22
291,2018-05-07 02:00:00,1.66455,5201.05
292,2018-05-07 02:30:00,1.69855,5141.992
293,2018-05-07 03:00:00,1.77873,5100.522
294,2018-05-07 03:30:00,1.71236,5044.376
295,2018-05-07 04:00:00,1.71145,5028.248
296,2018-05-07 04:30:00,1.65309,5027.115
297,2018-05-07 05:00:00,1.652,5048.899
298,2018-05-07 05:30:00,1.65109,5126.605
299,2018-05-07 06:00:00,1.65582,5270.675
300,2018-05-07 06:30:00,1.67291,5472.899
301,2018-05-07 07:00:00,1.73236,5655.895
302,2018-05-07 07:30:00,1.65782,5876.811
303,2018-05-07 08:00:00,1.77218,6156.558
304,2018-05-07 08:30:00,1.83055,6454.211
305,2018-05-07 09:00:00,1.84291,6663.846
306,2018-05-07 09:30:00,1.84927,6778.663
307,2018-05-07 10:00:00,1.92618,6865.488
308,2018-05-07 10:30:00,2.24218,6939.228
309,2018-05-07 11:00:00,2.24273,6967.523
310,2018-05-07 11:30:00,2.24345,6939.0
311,2018-05-07 12:00:00,1.81309,6877.884
312,2018-05-07 12:30:00,1.76145,6845.628
313,2018-05-07 13:00:00,3.31091,6855.201
314,2018-05-07 13:30:00,4.86364,6912.415
315,2018-05-07 14:00:00,4.86127,6931.908
316,2018-05-07 14:30:00,5.55,6946.748
317,2018-05-07 15:00:00,4.24582,6930.884
318,2018-05-07 15:30:00,5.52291,6933.841
319,2018-05-07 16:00:00,5.55782,6928.155
320,2018-05-07 16:30:00,5.58127,6943.741
321,2018-05-07 17:00:00,5.55309,6925.854
322,2018-05-07 17:30:00,1.82927,6836.19
323,2018-05-07 18:00:00,1.77418,6723.52
324,2018-05-07 18:30:00,1.72582,6624.861
325,2018-05-07 19:00:00,1.726,6627.808
326,2018-05-07 19:30:00,1.734,6633.732
327,2018-05-07 20:00:00,1.73418,6604.941
328,2018-05-07 20:30:00,1.72891,6580.827
329,2018-05-07 21:00:00,1.84964,6545.147
330,2018-05-07 21:30:00,1.83491,6501.674
331,2018-05-07 22:00:00,2.074,6387.792
332,2018-05-07 22:30:00,1.84764,6248.97
333,2018-05-07 23:00:00,1.83473,6120.808
334,2018-05-07 23:30:00,1.73982,5972.618
335,2018-05-08 00:00:00,1.67982,5827.086
336,2018-05-08 00:30:00,1.77855,5672.201
337,2018-05-08 01:00:00,1.73145,5566.301
338,2018-05-08 01:30:00,1.74782,5480.424
339,2018-05-08 02:00:00,1.71655,5399.537
340,2018-05-08 02:30:00,1.77364,5341.403
341,2018-05-08 03:00:00,1.73836,5284.362
342,2018-05-08 03:30:00,1.71618,5248.534
343,2018-05-08 04:00:00,1.71545,5224.146
344,2018-05-08 04:30:00,1.71527,5219.434
345,2018-05-08 05:00:00,1.71618,5247.102
346,2018-05-08 05:30:00,1.76255,5312.08
347,2018-05-08 06:00:00,1.738,5455.102
348,2018-05-08 06:30:00,1.71727,5627.521
349,2018-05-08 07:00:00,1.77145,5789.871
350,2018-05-08 07:30:00,1.69855,5983.418
351,2018-05-08 08:00:00,1.77909,6251.127
352,2018-05-08 08:30:00,1.852,6518.483
353,2018-05-08 09:00:00,1.86909,6705.574
354,2018-05-08 09:30:00,1.83327,6816.653
355,2018-05-08 10:00:00,1.84327,6879.394
356,2018-05-08 10:30:00,1.86291,6938.259
357,2018-05-08 11:00:00,1.87073,6968.298
358,2018-05-08 11:30:00,1.85382,6939.81
359,2018-05-08 12:00:00,1.80382,6881.75
360,2018-05-08 12:30:00,1.774,6833.67
361,2018-05-08 13:00:00,1.78527,6854.077
362,2018-05-08 13:30:00,1.81327,6917.967
363,2018-05-08 14:00:00,1.78527,6957.493
364,2018-05-08 14:30:00,1.78509,6962.627
365,2018-05-08 15:00:00,1.822,6941.127
366,2018-05-08 15:30:00,1.81345,6943.965
367,2018-05-08 16:00:00,1.83564,6949.924
368,2018-05-08 16:30:00,1.83564,6947.936
369,2018-05-08 17:00:00,1.81055,6891.874
370,2018-05-08 17:30:00,1.78473,6808.403
371,2018-05-08 18:00:00,1.80182,6676.713
372,2018-05-08 18:30:00,1.772,6595.434
373,2018-05-08 19:00:00,1.88618,6604.081
374,2018-05-08 19:30:00,1.82545,6626.088
375,2018-05-08 20:00:00,1.87018,6610.085
376,2018-05-08 20:30:00,1.87,6581.453
377,2018-05-08 21:00:00,2.93073,6571.573
378,2018-05-08 21:30:00,2.58073,6509.04
379,2018-05-08 22:00:00,2.24218,6406.236
380,2018-05-08 22:30:00,1.84927,6276.971
381,2018-05-08 23:00:00,1.81055,6148.293
382,2018-05-08 23:30:00,1.76545,6009.729
383,2018-05-09 00:00:00,1.73909,5864.173
384,2018-05-09 00:30:00,1.83491,5726.961
385,2018-05-09 01:00:00,1.77855,5616.373
386,2018-05-09 01:30:00,1.80055,5531.073
387,2018-05-09 02:00:00,1.79745,5464.545
388,2018-05-09 02:30:00,1.80727,5401.103
389,2018-05-09 03:00:00,1.77673,5357.083
390,2018-05-09 03:30:00,1.76018,5312.811
391,2018-05-09 04:00:00,1.72945,5276.023
392,2018-05-09 04:30:00,1.73,5276.53
393,2018-05-09 05:00:00,1.72945,5302.011
394,2018-05-09 05:30:00,1.77218,5370.498
395,2018-05-09 06:00:00,1.77273,5501.755
396,2018-05-09 06:30:00,1.77782,5676.003
397,2018-05-09 07:00:00,1.81145,5833.065
398,2018-05-09 07:30:00,1.74145,6019.376
399,2018-05-09 08:00:00,1.84782,6285.678
400,2018-05-09 08:30:00,2.07291,6542.881
401,2018-05-09 09:00:00,1.94636,6719.862
402,2018-05-09 09:30:00,1.94745,6826.32
403,2018-05-09 10:00:00,2.07582,6892.227
404,2018-05-09 10:30:00,2.58145,6959.362
405,2018-05-09 11:00:00,2.24473,6983.894
406,2018-05-09 11:30:00,2.75273,6958.08
407,2018-05-09 12:00:00,1.92709,6889.489
408,2018-05-09 12:30:00,1.84964,6837.448
409,2018-05-09 13:00:00,1.83709,6858.272
410,2018-05-09 13:30:00,1.84836,6908.817
411,2018-05-09 14:00:00,1.836,6954.476
412,2018-05-09 14:30:00,1.836,6956.628
413,2018-05-09 15:00:00,1.834,6939.76
414,2018-05-09 15:30:00,1.836,6949.73
415,2018-05-09 16:00:00,1.84927,6966.27
416,2018-05-09 16:30:00,1.84836,6965.137
417,2018-05-09 17:00:00,1.83418,6926.142
418,2018-05-09 17:30:00,1.81291,6857.944
419,2018-05-09 18:00:00,1.83473,6733.52
420,2018-05-09 18:30:00,1.81127,6634.647
421,2018-05-09 19:00:00,1.82618,6637.674
422,2018-05-09 19:30:00,1.83109,6639.567
423,2018-05-09 20:00:00,1.932,6614.891
424,2018-05-09 20:30:00,2.00291,6595.931
425,2018-05-09 21:00:00,3.79964,6569.177
426,2018-05-09 21:30:00,2.88527,6523.885
427,2018-05-09 22:00:00,2.37364,6411.061
428,2018-05-09 22:30:00,1.92709,6293.223
429,2018-05-09 23:00:00,1.834,6170.802
430,2018-05-09 23:30:00,1.80182,6027.636
431,2018-05-10 00:00:00,1.74327,5880.479
432,2018-05-10 00:30:00,1.84745,5724.66
433,2018-05-10 01:00:00,1.80855,5622.993
434,2018-05-10 01:30:00,1.83327,5550.764
435,2018-05-10 02:00:00,1.80982,5472.363
436,2018-05-10 02:30:00,1.83327,5398.891
437,2018-05-10 03:00:00,1.83127,5354.603
438,2018-05-10 03:30:00,1.77855,5305.261
439,2018-05-10 04:00:00,1.74182,5265.104
440,2018-05-10 04:30:00,1.72982,5252.221
441,2018-05-10 05:00:00,1.77018,5273.682
442,2018-05-10 05:30:00,1.80927,5342.382
443,2018-05-10 06:00:00,1.77055,5468.367
444,2018-05-10 06:30:00,1.77164,5642.426
445,2018-05-10 07:00:00,1.74018,5797.44
446,2018-05-10 07:30:00,1.67164,5982.399
447,2018-05-10 08:00:00,1.77291,6240.486
448,2018-05-10 08:30:00,1.822,6506.873
449,2018-05-10 09:00:00,1.82709,6694.058
450,2018-05-10 09:30:00,1.83527,6810.977
451,2018-05-10 10:00:00,1.84909,6884.419
452,2018-05-10 10:30:00,1.83582,6942.807
453,2018-05-10 11:00:00,1.82636,6976.488
454,2018-05-10 11:30:00,1.82527,6967.199
455,2018-05-10 12:00:00,1.80818,6900.522
456,2018-05-10 12:30:00,1.77418,6851.289
457,2018-05-10 13:00:00,1.79873,6870.916
458,2018-05-10 13:30:00,1.81364,6932.931
459,2018-05-10 14:00:00,1.822,6955.038
460,2018-05-10 14:30:00,1.81345,6950.128
461,2018-05-10 15:00:00,1.80836,6930.233
462,2018-05-10 15:30:00,1.81164,6923.394
463,2018-05-10 16:00:00,1.81164,6912.201
464,2018-05-10 16:30:00,1.82218,6919.403
465,2018-05-10 17:00:00,1.81345,6872.158
466,2018-05-10 17:30:00,1.75345,6787.579
467,2018-05-10 18:00:00,1.80636,6647.231
468,2018-05-10 18:30:00,1.75636,6539.327
469,2018-05-10 19:00:00,1.77455,6540.54
470,2018-05-10 19:30:00,1.79618,6555.44
471,2018-05-10 20:00:00,1.79782,6542.13
472,2018-05-10 20:30:00,1.82527,6512.171
473,2018-05-10 21:00:00,2.27964,6479.921
474,2018-05-10 21:30:00,2.45073,6429.957
475,2018-05-10 22:00:00,2.07436,6328.773
476,2018-05-10 22:30:00,1.83473,6202.625
477,2018-05-10 23:00:00,1.78436,6097.047
478,2018-05-10 23:30:00,1.77455,6001.524
479,2018-05-11 00:00:00,1.73764,5889.182
480,2018-05-11 00:30:00,1.83509,5775.543
481,2018-05-11 01:00:00,1.77309,5668.036
482,2018-05-11 01:30:00,1.81255,5575.028
483,2018-05-11 02:00:00,1.77236,5494.852
484,2018-05-11 02:30:00,1.72345,5436.141
485,2018-05-11 03:00:00,1.72436,5391.063
486,2018-05-11 03:30:00,1.69345,5354.027
487,2018-05-11 04:00:00,1.69345,5348.5
488,2018-05-11 04:30:00,1.69345,5339.698
489,2018-05-11 05:00:00,1.70218,5371.238
490,2018-05-11 05:30:00,1.73,5439.183
491,2018-05-11 06:00:00,1.772,5570.262
492,2018-05-11 06:30:00,1.83091,5756.03
493,2018-05-11 07:00:00,1.83491,5893.227
494,2018-05-11 07:30:00,1.75655,6079.935
495,2018-05-11 08:00:00,1.82145,6339.896
496,2018-05-11 08:30:00,2.24073,6635.686
497,2018-05-11 09:00:00,2.372,6822.379
498,2018-05-11 09:30:00,2.19618,6926.356
499,2018-05-11 10:00:00,2.37236,6999.659
500,2018-05-11 10:30:00,2.57127,7061.888
501,2018-05-11 11:00:00,2.37455,7070.665
502,2018-05-11 11:30:00,2.294,7060.019
503,2018-05-11 12:00:00,1.87036,7003.55
504,2018-05-11 12:30:00,1.84909,6961.38
505,2018-05-11 13:00:00,1.85073,6975.609
506,2018-05-11 13:30:00,1.86564,7012.814
507,2018-05-11 14:00:00,1.87164,7034.891
508,2018-05-11 14:30:00,1.87164,7029.066
509,2018-05-11 15:00:00,1.85,6987.89
510,2018-05-11 15:30:00,1.85836,6997.318
511,2018-05-11 16:00:00,1.86945,7016.189
512,2018-05-11 16:30:00,2.09582,6994.405
513,2018-05-11 17:00:00,1.982,6937.588
514,2018-05-11 17:30:00,1.87036,6849.142
515,2018-05-11 18:00:00,1.81055,6715.762
516,2018-05-11 18:30:00,1.87582,6611.859
517,2018-05-11 19:00:00,1.98236,6613.822
518,2018-05-11 19:30:00,1.84727,6627.703
519,2018-05-11 20:00:00,1.87527,6614.876
520,2018-05-11 20:30:00,1.86818,6560.862
521,2018-05-11 21:00:00,2.07473,6520.689
522,2018-05-11 21:30:00,2.37182,6436.91
523,2018-05-11 22:00:00,2.07491,6347.048
524,2018-05-11 22:30:00,1.86909,6230.561
525,2018-05-11 23:00:00,1.86455,6134.883
526,2018-05-11 23:30:00,1.87055,6029.887
527,2018-05-12 00:00:00,1.96782,5889.808
528,2018-05-12 00:30:00,2.05927,5731.692
529,2018-05-12 01:00:00,1.84891,5623.922
530,2018-05-12 01:30:00,1.84709,5603.655
531,2018-05-12 02:00:00,1.83382,5513.827
532,2018-05-12 02:30:00,1.83255,5445.917
533,2018-05-12 03:00:00,1.77382,5397.226
534,2018-05-12 03:30:00,1.76073,5355.826
535,2018-05-12 04:00:00,1.74891,5334.012
536,2018-05-12 04:30:00,1.73855,5310.484
537,2018-05-12 05:00:00,1.73782,5309.739
538,2018-05-12 05:30:00,1.74073,5331.214
539,2018-05-12 06:00:00,1.75691,5382.858
540,2018-05-12 06:30:00,1.77345,5473.635
541,2018-05-12 07:00:00,1.80691,5524.085
542,2018-05-12 07:30:00,1.83364,5602.363
543,2018-05-12 08:00:00,1.92509,5784.145
544,2018-05-12 08:30:00,3.44273,6022.536
545,2018-05-12 09:00:00,5.11873,6190.08
546,2018-05-12 09:30:00,6.27182,6290.206
547,2018-05-12 10:00:00,6.30327,6381.505
548,2018-05-12 10:30:00,6.82436,6456.73
549,2018-05-12 11:00:00,7.04836,6484.17
550,2018-05-12 11:30:00,6.98673,6474.14
551,2018-05-12 12:00:00,5.17655,6400.271
552,2018-05-12 12:30:00,4.72673,6349.652
553,2018-05-12 13:00:00,5.15782,6297.089
554,2018-05-12 13:30:00,3.11545,6267.88
555,2018-05-12 14:00:00,3.248,6266.996
556,2018-05-12 14:30:00,2.928,6245.028
557,2018-05-12 15:00:00,2.372,6215.159
558,2018-05-12 15:30:00,2.17273,6179.549
559,2018-05-12 16:00:00,2.074,6165.678
560,2018-05-12 16:30:00,1.90873,6144.103
561,2018-05-12 17:00:00,1.848,6096.262
562,2018-05-12 17:30:00,1.83527,6072.177
563,2018-05-12 18:00:00,1.83545,6069.021
564,2018-05-12 18:30:00,1.848,6084.179
565,2018-05-12 19:00:00,2.07455,6141.603
566,2018-05-12 19:30:00,2.24382,6186.7
567,2018-05-12 20:00:00,2.54455,6209.612
568,2018-05-12 20:30:00,2.56745,6217.38
569,2018-05-12 21:00:00,2.47564,6199.523
570,2018-05-12 21:30:00,2.244,6171.522
571,2018-05-12 22:00:00,4.90891,6114.402
572,2018-05-12 22:30:00,5.06073,6035.473
573,2018-05-12 23:00:00,2.47564,5968.96
574,2018-05-12 23:30:00,2.01745,5886.567
575,2018-05-13 00:00:00,2.24418,5849.575
576,2018-05-13 00:30:00,2.07564,5797.689
577,2018-05-13 01:00:00,1.87145,5700.103
578,2018-05-13 01:30:00,1.77309,5553.602
579,2018-05-13 02:00:00,1.738,5475.841
580,2018-05-13 02:30:00,1.728,5413.647
581,2018-05-13 03:00:00,1.728,5363.788
582,2018-05-13 03:30:00,1.68491,5311.628
583,2018-05-13 04:00:00,1.68436,5285.49
584,2018-05-13 04:30:00,1.67473,5253.016
585,2018-05-13 05:00:00,1.67473,5243.653
586,2018-05-13 05:30:00,1.67327,5257.693
587,2018-05-13 06:00:00,1.67473,5279.556
588,2018-05-13 06:30:00,1.68382,5339.504
589,2018-05-13 07:00:00,1.68382,5377.719
590,2018-05-13 07:30:00,1.68418,5411.092
591,2018-05-13 08:00:00,1.70127,5484.688
592,2018-05-13 08:30:00,1.74545,5590.057
593,2018-05-13 09:00:00,1.80964,5708.025
594,2018-05-13 09:30:00,1.86909,5812.539
595,2018-05-13 10:00:00,2.20164,5882.85
596,2018-05-13 10:30:00,2.24291,5943.717
597,2018-05-13 11:00:00,2.07182,5960.64
598,2018-05-13 11:30:00,2.07145,5941.799
599,2018-05-13 12:00:00,1.868,5918.43
600,2018-05-13 12:30:00,1.83273,5877.964
601,2018-05-13 13:00:00,1.83273,5876.18
602,2018-05-13 13:30:00,1.83109,5874.47
603,2018-05-13 14:00:00,1.83273,5883.431
604,2018-05-13 14:30:00,1.83127,5871.781
605,2018-05-13 15:00:00,1.83127,5866.737
606,2018-05-13 15:30:00,1.826,5860.241
607,2018-05-13 16:00:00,1.80855,5854.436
608,2018-05-13 16:30:00,1.81,5853.348
609,2018-05-13 17:00:00,1.80855,5839.914
610,2018-05-13 17:30:00,1.77745,5837.384
611,2018-05-13 18:00:00,1.77727,5848.964
612,2018-05-13 18:30:00,1.81091,5898.202
613,2018-05-13 19:00:00,1.87709,5996.081
614,2018-05-13 19:30:00,2.46691,6075.75
615,2018-05-13 20:00:00,2.72436,6107.429
616,2018-05-13 20:30:00,2.98345,6144.719
617,2018-05-13 21:00:00,3.03745,6181.407
618,2018-05-13 21:30:00,3.23218,6190.726
619,2018-05-13 22:00:00,2.94218,6130.902
620,2018-05-13 22:30:00,2.244,6011.433
621,2018-05-13 23:00:00,1.84745,5911.576
622,2018-05-13 23:30:00,1.87164,5801.232
623,2018-05-14 00:00:00,1.814,5669.154
624,2018-05-14 00:30:00,1.754,5535.034
625,2018-05-14 01:00:00,1.73073,5426.862
626,2018-05-14 01:30:00,1.73564,5353.609
627,2018-05-14 02:00:00,1.73582,5289.556
628,2018-05-14 02:30:00,1.68345,5227.162
629,2018-05-14 03:00:00,1.68309,5174.098
630,2018-05-14 03:30:00,1.67218,5142.961
631,2018-05-14 04:00:00,1.67218,5128.195
632,2018-05-14 04:30:00,1.61855,5120.561
633,2018-05-14 05:00:00,1.68236,5138.836
634,2018-05-14 05:30:00,1.726,5226.144
635,2018-05-14 06:00:00,1.742,5372.694
636,2018-05-14 06:30:00,1.76982,5559.939
637,2018-05-14 07:00:00,1.77291,5731.886
638,2018-05-14 07:30:00,1.66527,5934.98
639,2018-05-14 08:00:00,1.74709,6224.875
640,2018-05-14 08:30:00,1.848,6508.324
641,2018-05-14 09:00:00,1.83527,6722.163
642,2018-05-14 09:30:00,1.84818,6828.322
643,2018-05-14 10:00:00,1.85,6895.636
644,2018-05-14 10:30:00,1.85109,6960.674
645,2018-05-14 11:00:00,1.84964,6970.837
646,2018-05-14 11:30:00,1.82291,6924.348
647,2018-05-14 12:00:00,1.79164,6876.596
648,2018-05-14 12:30:00,1.77509,6835.196
649,2018-05-14 13:00:00,1.77727,6849.341
650,2018-05-14 13:30:00,1.81036,6898.295
651,2018-05-14 14:00:00,1.82745,6934.308
652,2018-05-14 14:30:00,1.82673,6943.055
653,2018-05-14 15:00:00,1.82745,6940.351
654,2018-05-14 15:30:00,1.82673,6937.742
655,2018-05-14 16:00:00,1.84873,6961.494
656,2018-05-14 16:30:00,1.84964,6964.292
657,2018-05-14 17:00:00,1.83418,6921.485
658,2018-05-14 17:30:00,1.81382,6863.759
659,2018-05-14 18:00:00,1.76345,6729.201
660,2018-05-14 18:30:00,1.81273,6646.102
661,2018-05-14 19:00:00,1.83382,6644.383
662,2018-05-14 19:30:00,1.834,6647.559
663,2018-05-14 20:00:00,1.83618,6625.298
664,2018-05-14 20:30:00,1.83455,6599.886
665,2018-05-14 21:00:00,2.246,6551.762
666,2018-05-14 21:30:00,2.07745,6491.232
667,2018-05-14 22:00:00,2.37564,6384.914
668,2018-05-14 22:30:00,1.85036,6253.656
669,2018-05-14 23:00:00,1.80309,6114.302
670,2018-05-14 23:30:00,1.75964,5960.078
671,2018-05-15 00:00:00,1.68855,5768.048
672,2018-05-15 00:30:00,1.73909,5571.911
673,2018-05-15 01:00:00,1.69782,5472.839
674,2018-05-15 01:30:00,1.74109,5456.652
675,2018-05-15 02:00:00,1.74,5374.359
676,2018-05-15 02:30:00,1.81,5330.553
677,2018-05-15 03:00:00,1.74164,5266.838
678,2018-05-15 03:30:00,1.74618,5246.903
679,2018-05-15 04:00:00,1.73873,5226.795
680,2018-05-15 04:30:00,1.74164,5235.875
681,2018-05-15 05:00:00,1.74582,5251.053
682,2018-05-15 05:30:00,1.77836,5324.147
683,2018-05-15 06:00:00,1.74636,5464.554
684,2018-05-15 06:30:00,1.772,5642.754
685,2018-05-15 07:00:00,1.81127,5809.393
686,2018-05-15 07:30:00,1.72145,5986.618
687,2018-05-15 08:00:00,1.83327,6270.569
688,2018-05-15 08:30:00,1.86073,6552.428
689,2018-05-15 09:00:00,1.87127,6725.851
690,2018-05-15 09:30:00,1.84873,6823.089
691,2018-05-15 10:00:00,1.86127,6914.492
692,2018-05-15 10:30:00,1.85109,6972.438
693,2018-05-15 11:00:00,1.85055,6997.939
694,2018-05-15 11:30:00,1.85109,6993.913
695,2018-05-15 12:00:00,1.824,6930.963
696,2018-05-15 12:30:00,1.81364,6871.462
697,2018-05-15 13:00:00,1.81364,6886.278
698,2018-05-15 13:30:00,1.836,6963.049
699,2018-05-15 14:00:00,1.84927,6999.534
700,2018-05-15 14:30:00,1.84164,6980.071
701,2018-05-15 15:00:00,1.83673,6962.741
702,2018-05-15 15:30:00,1.82673,6941.793
703,2018-05-15 16:00:00,1.82745,6940.381
704,2018-05-15 16:30:00,1.83582,6929.263
705,2018-05-15 17:00:00,1.82382,6876.646
706,2018-05-15 17:30:00,1.768,6749.046
707,2018-05-15 18:00:00,1.716,6596.318
708,2018-05-15 18:30:00,1.76273,6508.483
709,2018-05-15 19:00:00,1.77509,6529.148
710,2018-05-15 19:30:00,1.81018,6563.973
711,2018-05-15 20:00:00,1.81764,6544.973
712,2018-05-15 20:30:00,1.84818,6499.691
713,2018-05-15 21:00:00,1.87164,6472.729
714,2018-05-15 21:30:00,1.84927,6398.805
715,2018-05-15 22:00:00,1.87182,6272.84
716,2018-05-15 22:30:00,1.81145,6135.644
717,2018-05-15 23:00:00,1.74891,6004.709
718,2018-05-15 23:30:00,1.68782,5865.156
719,2018-05-16 00:00:00,1.67291,5732.686
720,2018-05-16 00:30:00,1.74473,5610.305
721,2018-05-16 01:00:00,1.70618,5494.688
722,2018-05-16 01:30:00,1.73036,5378.295
723,2018-05-16 02:00:00,1.86618,5306.24
724,2018-05-16 02:30:00,1.84873,5245.949
725,2018-05-16 03:00:00,1.83164,5191.851
726,2018-05-16 03:30:00,1.70891,5147.434
727,2018-05-16 04:00:00,1.65945,5114.627
728,2018-05-16 04:30:00,1.67182,5113.851
729,2018-05-16 05:00:00,1.68127,5133.12
730,2018-05-16 05:30:00,1.70818,5204.643
731,2018-05-16 06:00:00,1.706,5337.75
732,2018-05-16 06:30:00,1.67218,5514.225
733,2018-05-16 07:00:00,1.67018,5669.413
734,2018-05-16 07:30:00,1.56218,5857.319
735,2018-05-16 08:00:00,1.72545,6129.555
736,2018-05-16 08:30:00,1.75091,6403.154
737,2018-05-16 09:00:00,1.77382,6586.641
738,2018-05-16 09:30:00,1.77636,6691.886
739,2018-05-16 10:00:00,1.77691,6773.185
740,2018-05-16 10:30:00,1.80745,6848.093
741,2018-05-16 11:00:00,1.83691,6888.032
742,2018-05-16 11:30:00,1.83509,6879.325
743,2018-05-16 12:00:00,1.80636,6817.806
744,2018-05-16 12:30:00,1.77527,6765.765
745,2018-05-16 13:00:00,1.77527,6784.313
746,2018-05-16 13:30:00,1.81364,6838.084
747,2018-05-16 14:00:00,1.832,6884.354
748,2018-05-16 14:30:00,1.83527,6891.66
749,2018-05-16 15:00:00,1.82655,6886.859
750,2018-05-16 15:30:00,1.82473,6881.979
751,2018-05-16 16:00:00,1.82509,6863.46
752,2018-05-16 16:30:00,1.80818,6812.24
753,2018-05-16 17:00:00,1.76164,6744.648
754,2018-05-16 17:30:00,1.73964,6645.397
755,2018-05-16 18:00:00,1.75727,6512.121
756,2018-05-16 18:30:00,1.73873,6415.957
757,2018-05-16 19:00:00,1.74,6420.862
758,2018-05-16 19:30:00,1.75727,6444.107
759,2018-05-16 20:00:00,1.73873,6435.225
760,2018-05-16 20:30:00,1.77509,6396.196
761,2018-05-16 21:00:00,1.79527,6355.546
762,2018-05-16 21:30:00,1.84545,6280.4
763,2018-05-16 22:00:00,1.78527,6158.451
764,2018-05-16 22:30:00,1.73382,6015.872
765,2018-05-16 23:00:00,1.702,5887.859
766,2018-05-16 23:30:00,1.68255,5745.533
767,2018-05-17 00:00:00,1.54873,5597.984
768,2018-05-17 00:30:00,1.67455,5469.231
769,2018-05-17 01:00:00,1.64345,5358.112
770,2018-05-17 01:30:00,1.68218,5281.425
771,2018-05-17 02:00:00,1.65455,5208.654
772,2018-05-17 02:30:00,1.682,5154.943
773,2018-05-17 03:00:00,1.65418,5106.307
774,2018-05-17 03:30:00,1.636,5076.964
775,2018-05-17 04:00:00,1.63145,5064.499
776,2018-05-17 04:30:00,1.63236,5065.066
777,2018-05-17 05:00:00,1.64891,5097.495
778,2018-05-17 05:30:00,1.68182,5176.791
779,2018-05-17 06:00:00,1.682,5319.629
780,2018-05-17 06:30:00,1.66673,5491.472
781,2018-05-17 07:00:00,1.68345,5638.44
782,2018-05-17 07:30:00,1.562,5825.948
783,2018-05-17 08:00:00,1.70327,6092.738
784,2018-05-17 08:30:00,1.77836,6376.833
785,2018-05-17 09:00:00,1.78055,6563.576
786,2018-05-17 09:30:00,1.758,6654.253
787,2018-05-17 10:00:00,1.78018,6746.71
788,2018-05-17 10:30:00,1.78164,6826.876
789,2018-05-17 11:00:00,1.782,6869.067
790,2018-05-17 11:30:00,1.78164,6859.469
791,2018-05-17 12:00:00,1.76291,6793.95
792,2018-05-17 12:30:00,1.74909,6747.828
793,2018-05-17 13:00:00,1.75818,6772.38
794,2018-05-17 13:30:00,1.78145,6838.362
795,2018-05-17 14:00:00,1.78236,6875.001
796,2018-05-17 14:30:00,1.79055,6893.981
797,2018-05-17 15:00:00,1.79091,6894.165
798,2018-05-17 15:30:00,1.79091,6907.485
799,2018-05-17 16:00:00,1.79164,6914.547
800,2018-05-17 16:30:00,1.79073,6891.501
801,2018-05-17 17:00:00,1.77982,6803.453
802,2018-05-17 17:30:00,1.73855,6702.109
803,2018-05-17 18:00:00,1.79164,6567.865
804,2018-05-17 18:30:00,1.77927,6487.42
805,2018-05-17 19:00:00,1.78855,6492.753
806,2018-05-17 19:30:00,1.79891,6519.695
807,2018-05-17 20:00:00,1.82545,6529.317
808,2018-05-17 20:30:00,1.86855,6493.494
809,2018-05-17 21:00:00,2.05364,6452.009
810,2018-05-17 21:30:00,2.13309,6398.954
811,2018-05-17 22:00:00,2.05309,6291.001
812,2018-05-17 22:30:00,1.85727,6156.88
813,2018-05-17 23:00:00,1.76982,6031.94
814,2018-05-17 23:30:00,1.73909,5891.965
815,2018-05-18 00:00:00,1.68164,5757.352
816,2018-05-18 00:30:00,1.83491,5622.461
817,2018-05-18 01:00:00,1.76255,5511.213
818,2018-05-18 01:30:00,1.79855,5404.02
819,2018-05-18 02:00:00,1.76964,5330.976
820,2018-05-18 02:30:00,1.82491,5262.663
821,2018-05-18 03:00:00,1.798,5209.748
822,2018-05-18 03:30:00,1.74145,5171.543
823,2018-05-18 04:00:00,1.70182,5148.229
824,2018-05-18 04:30:00,1.686,5140.138
825,2018-05-18 05:00:00,1.73782,5164.361
826,2018-05-18 05:30:00,1.80655,5243.648
827,2018-05-18 06:00:00,1.76018,5384.204
828,2018-05-18 06:30:00,1.76127,5557.235
829,2018-05-18 07:00:00,1.77527,5700.446
830,2018-05-18 07:30:00,1.65309,5879.743
831,2018-05-18 08:00:00,1.75709,6148.486
832,2018-05-18 08:30:00,1.82218,6443.138
833,2018-05-18 09:00:00,1.83145,6608.897
834,2018-05-18 09:30:00,1.82545,6725.304
835,2018-05-18 10:00:00,1.83218,6804.079
836,2018-05-18 10:30:00,1.82109,6867.441
837,2018-05-18 11:00:00,1.836,6903.355
838,2018-05-18 11:30:00,1.82564,6881.313
839,2018-05-18 12:00:00,1.75709,6798.994
840,2018-05-18 12:30:00,1.73473,6748.986
841,2018-05-18 13:00:00,1.75764,6775.904
842,2018-05-18 13:30:00,1.77764,6830.947
843,2018-05-18 14:00:00,1.80909,6863.575
844,2018-05-18 14:30:00,1.82709,6895.378
845,2018-05-18 15:00:00,1.82764,6891.054
846,2018-05-18 15:30:00,1.82073,6887.421
847,2018-05-18 16:00:00,1.82727,6881.144
848,2018-05-18 16:30:00,1.82618,6866.82
849,2018-05-18 17:00:00,1.79127,6815.53
850,2018-05-18 17:30:00,1.71764,6702.845
851,2018-05-18 18:00:00,1.766,6553.983
852,2018-05-18 18:30:00,1.71727,6445.091
853,2018-05-18 19:00:00,1.73436,6438.819
854,2018-05-18 19:30:00,1.74382,6445.543
855,2018-05-18 20:00:00,1.74364,6423.163
856,2018-05-18 20:30:00,1.69691,6351.332
857,2018-05-18 21:00:00,1.77036,6297.795
858,2018-05-18 21:30:00,1.76127,6230.397
859,2018-05-18 22:00:00,1.80018,6135.45
860,2018-05-18 22:30:00,1.80636,6019.877
861,2018-05-18 23:00:00,1.74855,5914.061
862,2018-05-18 23:30:00,1.73364,5793.901
863,2018-05-19 00:00:00,1.76655,5662.062
864,2018-05-19 00:30:00,1.866,5538.935
865,2018-05-19 01:00:00,1.81945,5436.598
866,2018-05-19 01:30:00,1.74618,5354.822
867,2018-05-19 02:00:00,1.72327,5283.159
868,2018-05-19 02:30:00,1.70945,5211.512
869,2018-05-19 03:00:00,1.68836,5149.655
870,2018-05-19 03:30:00,1.65945,5092.858
871,2018-05-19 04:00:00,1.65255,5071.944
872,2018-05-19 04:30:00,1.65218,5061.234
873,2018-05-19 05:00:00,1.652,5062.844
874,2018-05-19 05:30:00,1.65218,5066.984
875,2018-05-19 06:00:00,1.66873,5160.316
876,2018-05-19 06:30:00,1.68836,5225.13
877,2018-05-19 07:00:00,1.66964,5264.154
878,2018-05-19 07:30:00,1.67945,5323.039
879,2018-05-19 08:00:00,1.81236,5527.072
880,2018-05-19 08:30:00,2.0,5763.435
881,2018-05-19 09:00:00,1.84655,5917.078
882,2018-05-19 09:30:00,2.09255,6040.08
883,2018-05-19 10:00:00,2.37291,6146.23
884,2018-05-19 10:30:00,4.36255,6238.07
885,2018-05-19 11:00:00,4.73309,6287.358
886,2018-05-19 11:30:00,4.73309,6298.083
887,2018-05-19 12:00:00,4.36545,6252.637
888,2018-05-19 12:30:00,2.84164,6204.135
889,2018-05-19 13:00:00,2.30891,6160.349
890,2018-05-19 13:30:00,2.16891,6139.933
891,2018-05-19 14:00:00,2.16873,6134.56
892,2018-05-19 14:30:00,2.10727,6096.773
893,2018-05-19 15:00:00,2.05255,6049.444
894,2018-05-19 15:30:00,2.05291,6029.007
895,2018-05-19 16:00:00,1.95945,5998.183
896,2018-05-19 16:30:00,1.86745,5956.982
897,2018-05-19 17:00:00,1.83782,5907.511
898,2018-05-19 17:30:00,1.82636,5873.784
899,2018-05-19 18:00:00,1.77091,5849.113
900,2018-05-19 18:30:00,1.814,5859.158
901,2018-05-19 19:00:00,1.86745,5924.081
902,2018-05-19 19:30:00,2.05309,6004.118
903,2018-05-19 20:00:00,2.05327,6039.782
904,2018-05-19 20:30:00,2.05236,6030.275
905,2018-05-19 21:00:00,2.05236,6029.072
906,2018-05-19 21:30:00,2.05364,6011.955
907,2018-05-19 22:00:00,3.94509,5963.334
908,2018-05-19 22:30:00,2.13073,5859.684
909,2018-05-19 23:00:00,2.05127,5774.24
910,2018-05-19 23:30:00,1.84909,5673.468
911,2018-05-20 00:00:00,1.86564,5558.304
912,2018-05-20 00:30:00,1.77345,5436.722
913,2018-05-20 01:00:00,1.68909,5338.58
914,2018-05-20 01:30:00,1.67873,5271.599
915,2018-05-20 02:00:00,1.67836,5197.611
916,2018-05-20 02:30:00,1.652,5131.217
917,2018-05-20 03:00:00,1.65109,5088.982
918,2018-05-20 03:30:00,1.65109,5036.374
919,2018-05-20 04:00:00,1.65091,5005.441
920,2018-05-20 04:30:00,1.61,4984.09
921,2018-05-20 05:00:00,1.64255,4985.62
922,2018-05-20 05:30:00,1.64691,5028.845
923,2018-05-20 06:00:00,1.65109,5079.489
924,2018-05-20 06:30:00,1.65091,5088.663
925,2018-05-20 07:00:00,1.64255,5125.899
926,2018-05-20 07:30:00,1.64255,5168.959
927,2018-05-20 08:00:00,1.61,5246.699
928,2018-05-20 08:30:00,1.67855,5332.894
929,2018-05-20 09:00:00,1.69236,5449.843
930,2018-05-20 09:30:00,1.79564,5552.414
931,2018-05-20 10:00:00,1.86418,5639.036
932,2018-05-20 10:30:00,2.01709,5716.364
933,2018-05-20 11:00:00,1.86509,5765.836
934,2018-05-20 11:30:00,1.86509,5785.999
935,2018-05-20 12:00:00,1.79855,5774.305
936,2018-05-20 12:30:00,1.78909,5744.912
937,2018-05-20 13:00:00,1.78836,5741.91
938,2018-05-20 13:30:00,1.86509,5767.049
939,2018-05-20 14:00:00,1.86527,5766.303
940,2018-05-20 14:30:00,1.79855,5748.366
941,2018-05-20 15:00:00,1.798,5740.345
942,2018-05-20 15:30:00,1.788,5718.104
943,2018-05-20 16:00:00,1.78764,5704.879
944,2018-05-20 16:30:00,1.77164,5680.511
945,2018-05-20 17:00:00,1.76909,5659.652
946,2018-05-20 17:30:00,1.76,5641.268
947,2018-05-20 18:00:00,1.75236,5622.968
948,2018-05-20 18:30:00,1.77236,5672.221
949,2018-05-20 19:00:00,1.86418,5771.392
950,2018-05-20 19:30:00,2.08945,5862.83
951,2018-05-20 20:00:00,2.20327,5912.908
952,2018-05-20 20:30:00,2.374,5933.504
953,2018-05-20 21:00:00,4.32927,5989.874
954,2018-05-20 21:30:00,4.724,5988.77
955,2018-05-20 22:00:00,2.374,5917.167
956,2018-05-20 22:30:00,2.08655,5806.257
957,2018-05-20 23:00:00,1.80509,5696.942
958,2018-05-20 23:30:00,1.84127,5588.571
959,2018-05-21 00:00:00,1.78709,5453.586
960,2018-05-21 00:30:00,1.68491,5334.584
961,2018-05-21 01:00:00,1.674,5221.874
962,2018-05-21 01:30:00,1.67382,5139.159
963,2018-05-21 02:00:00,1.66836,5081.109
964,2018-05-21 02:30:00,1.62836,5013.895
965,2018-05-21 03:00:00,1.64491,4974.85
966,2018-05-21 03:30:00,1.54964,4942.65
967,2018-05-21 04:00:00,1.68418,4926.86
968,2018-05-21 04:30:00,1.68691,4941.879
969,2018-05-21 05:00:00,1.63418,4969.095
970,2018-05-21 05:30:00,1.64964,5048.431
971,2018-05-21 06:00:00,1.66691,5198.615
972,2018-05-21 06:30:00,1.68818,5383.524
973,2018-05-21 07:00:00,1.70582,5572.364
974,2018-05-21 07:30:00,1.56964,5780.612
975,2018-05-21 08:00:00,1.65364,6078.156
976,2018-05-21 08:30:00,1.75636,6377.896
977,2018-05-21 09:00:00,2.03127,6571.617
978,2018-05-21 09:30:00,1.81145,6679.302
979,2018-05-21 10:00:00,1.77927,6735.334
980,2018-05-21 10:30:00,1.75691,6793.552
981,2018-05-21 11:00:00,1.79345,6828.7
982,2018-05-21 11:30:00,1.79036,6828.188
983,2018-05-21 12:00:00,1.74618,6774.383
984,2018-05-21 12:30:00,1.73582,6732.451
985,2018-05-21 13:00:00,1.746,6750.105
986,2018-05-21 13:30:00,1.77873,6791.609
987,2018-05-21 14:00:00,1.77291,6814.734
988,2018-05-21 14:30:00,1.77291,6820.137
989,2018-05-21 15:00:00,1.76364,6804.884
990,2018-05-21 15:30:00,1.76982,6813.909
991,2018-05-21 16:00:00,1.79018,6822.18
992,2018-05-21 16:30:00,1.79091,6818.537
993,2018-05-21 17:00:00,1.77818,6793.06
994,2018-05-21 17:30:00,1.73636,6696.18
995,2018-05-21 18:00:00,1.81527,6579.808
996,2018-05-21 18:30:00,1.75727,6483.608
997,2018-05-21 19:00:00,1.81527,6509.065
998,2018-05-21 19:30:00,1.82745,6538.05
999,2018-05-21 20:00:00,1.82727,6543.288
1000,2018-05-21 20:30:00,1.81764,6495.492
1001,2018-05-21 21:00:00,2.01836,6451.333
1002,2018-05-21 21:30:00,1.95145,6392.717
1003,2018-05-21 22:00:00,2.054,6276.573
1004,2018-05-21 22:30:00,1.84582,6126.429
1005,2018-05-21 23:00:00,1.75455,5987.13
1006,2018-05-21 23:30:00,1.72127,5844.745
1007,2018-05-22 00:00:00,1.608,5651.481
1008,2018-05-22 00:30:00,1.68327,5461.215
1009,2018-05-22 01:00:00,1.66291,5365.94
1010,2018-05-22 01:30:00,1.70545,5348.495
1011,2018-05-22 02:00:00,1.70527,5276.972
1012,2018-05-22 02:30:00,1.76618,5216.77
1013,2018-05-22 03:00:00,1.682,5151.126
1014,2018-05-22 03:30:00,1.69073,5125.302
1015,2018-05-22 04:00:00,1.69073,5127.136
1016,2018-05-22 04:30:00,1.69073,5121.257
1017,2018-05-22 05:00:00,1.70145,5154.715
1018,2018-05-22 05:30:00,1.72782,5217.968
1019,2018-05-22 06:00:00,1.70545,5369.329
1020,2018-05-22 06:30:00,1.73127,5550.272
1021,2018-05-22 07:00:00,1.76727,5687.459
1022,2018-05-22 07:30:00,1.65327,5875.807
1023,2018-05-22 08:00:00,2.20218,6165.722
1024,2018-05-22 08:30:00,2.56382,6487.733
1025,2018-05-22 09:00:00,2.092,6655.625
1026,2018-05-22 09:30:00,2.05345,6783.24
1027,2018-05-22 10:00:00,2.05382,6850.941
1028,2018-05-22 10:30:00,2.05364,6912.176
1029,2018-05-22 11:00:00,1.87418,6952.558
1030,2018-05-22 11:30:00,1.86909,6922.728
1031,2018-05-22 12:00:00,1.85491,6876.899
1032,2018-05-22 12:30:00,1.79945,6807.657
1033,2018-05-22 13:00:00,1.80855,6843.128
1034,2018-05-22 13:30:00,1.86909,6902.206
1035,2018-05-22 14:00:00,1.87418,6942.319
1036,2018-05-22 14:30:00,1.86836,6911.545
1037,2018-05-22 15:00:00,1.85491,6898.499
1038,2018-05-22 15:30:00,1.84836,6872.198
1039,2018-05-22 16:00:00,1.84873,6869.598
1040,2018-05-22 16:30:00,1.84382,6858.958
1041,2018-05-22 17:00:00,1.80818,6810.028
1042,2018-05-22 17:30:00,1.78127,6720.459
1043,2018-05-22 18:00:00,1.80873,6592.347
1044,2018-05-22 18:30:00,1.78127,6497.082
1045,2018-05-22 19:00:00,1.78945,6520.978
1046,2018-05-22 19:30:00,1.80782,6539.496
1047,2018-05-22 20:00:00,1.86836,6533.423
1048,2018-05-22 20:30:00,1.85818,6492.818
1049,2018-05-22 21:00:00,2.07927,6451.378
1050,2018-05-22 21:30:00,2.054,6399.759
1051,2018-05-22 22:00:00,2.09309,6288.62
1052,2018-05-22 22:30:00,1.86891,6148.302
1053,2018-05-22 23:00:00,1.78545,6010.057
1054,2018-05-22 23:30:00,1.74436,5870.504
1055,2018-05-23 00:00:00,1.686,5718.596
1056,2018-05-23 00:30:00,1.864,5569.108
1057,2018-05-23 01:00:00,1.76218,5467.77
1058,2018-05-23 01:30:00,1.76127,5361.238
1059,2018-05-23 02:00:00,1.75982,5293.706
1060,2018-05-23 02:30:00,1.83273,5243.017
1061,2018-05-23 03:00:00,1.83255,5192.069
1062,2018-05-23 03:30:00,1.81673,5156.241
1063,2018-05-23 04:00:00,1.75964,5128.945
1064,2018-05-23 04:30:00,1.76891,5139.989
1065,2018-05-23 05:00:00,1.82564,5164.749
1066,2018-05-23 05:30:00,1.83255,5234.767
1067,2018-05-23 06:00:00,1.76945,5378.911
1068,2018-05-23 06:30:00,1.76964,5543.95
1069,2018-05-23 07:00:00,1.79018,5695.008
1070,2018-05-23 07:30:00,1.65455,5871.553
1071,2018-05-23 08:00:00,1.778,6157.695
1072,2018-05-23 08:30:00,1.86764,6436.537
1073,2018-05-23 09:00:00,1.83327,6618.956
1074,2018-05-23 09:30:00,1.86727,6721.08
1075,2018-05-23 10:00:00,1.89964,6797.349
1076,2018-05-23 10:30:00,1.89927,6866.706
1077,2018-05-23 11:00:00,2.05345,6894.692
1078,2018-05-23 11:30:00,1.87255,6851.145
1079,2018-05-23 12:00:00,1.78036,6770.293
1080,2018-05-23 12:30:00,1.73527,6692.994
1081,2018-05-23 13:00:00,1.72273,6691.359
1082,2018-05-23 13:30:00,1.76091,6742.873
1083,2018-05-23 14:00:00,1.77055,6779.477
1084,2018-05-23 14:30:00,1.84818,6806.773
1085,2018-05-23 15:00:00,1.84836,6803.353
1086,2018-05-23 15:30:00,1.84836,6804.143
1087,2018-05-23 16:00:00,1.86727,6806.415
1088,2018-05-23 16:30:00,1.86745,6801.196
1089,2018-05-23 17:00:00,1.808,6765.954
1090,2018-05-23 17:30:00,1.74782,6695.375
1091,2018-05-23 18:00:00,1.82145,6583.113
1092,2018-05-23 18:30:00,1.75309,6492.902
1093,2018-05-23 19:00:00,1.82273,6527.28
1094,2018-05-23 19:30:00,1.86691,6552.612
1095,2018-05-23 20:00:00,1.86673,6541.628
1096,2018-05-23 20:30:00,1.83509,6496.57
1097,2018-05-23 21:00:00,2.05509,6443.982
1098,2018-05-23 21:30:00,1.97036,6382.23
1099,2018-05-23 22:00:00,2.05382,6257.284
1100,2018-05-23 22:30:00,1.86673,6096.992
1101,2018-05-23 23:00:00,1.75564,5943.976
1102,2018-05-23 23:30:00,1.69018,5782.918
1103,2018-05-24 00:00:00,1.64455,5626.576
1104,2018-05-24 00:30:00,1.742,5493.281
1105,2018-05-24 01:00:00,1.67436,5362.898
1106,2018-05-24 01:30:00,1.69909,5244.582
1107,2018-05-24 02:00:00,1.77873,5175.127
1108,2018-05-24 02:30:00,1.64964,5118.011
1109,2018-05-24 03:00:00,1.60564,5081.735
1110,2018-05-24 03:30:00,1.60545,5049.008
1111,2018-05-24 04:00:00,1.57291,5033.496
1112,2018-05-24 04:30:00,1.60527,5050.325
1113,2018-05-24 05:00:00,1.65255,5094.2
1114,2018-05-24 05:30:00,1.67327,5159.968
1115,2018-05-24 06:00:00,1.74218,5292.11
1116,2018-05-24 06:30:00,1.70273,5450.981
1117,2018-05-24 07:00:00,1.70236,5601.115
1118,2018-05-24 07:30:00,1.70327,5785.964
1119,2018-05-24 08:00:00,1.92673,6069.304
1120,2018-05-24 08:30:00,2.05164,6353.091
1121,2018-05-24 09:00:00,1.86691,6528.02
1122,2018-05-24 09:30:00,1.86673,6621.476
1123,2018-05-24 10:00:00,1.86691,6713.118
1124,2018-05-24 10:30:00,1.89727,6772.007
1125,2018-05-24 11:00:00,2.09109,6814.486
1126,2018-05-24 11:30:00,1.83055,6805.769
1127,2018-05-24 12:00:00,1.77218,6754.747
1128,2018-05-24 12:30:00,1.74873,6686.762
1129,2018-05-24 13:00:00,1.76218,6727.595
1130,2018-05-24 13:30:00,1.79182,6782.931
1131,2018-05-24 14:00:00,1.85218,6835.181
1132,2018-05-24 14:30:00,1.82655,6826.638
1133,2018-05-24 15:00:00,1.80909,6814.933
1134,2018-05-24 15:30:00,1.82655,6820.952
1135,2018-05-24 16:00:00,1.85236,6829.49
1136,2018-05-24 16:30:00,1.85764,6826.916
1137,2018-05-24 17:00:00,1.81218,6793.9
1138,2018-05-24 17:30:00,1.77436,6734.176
1139,2018-05-24 18:00:00,1.87182,6622.236
1140,2018-05-24 18:30:00,1.78073,6525.635
1141,2018-05-24 19:00:00,1.82618,6545.072
1142,2018-05-24 19:30:00,1.84673,6569.023
1143,2018-05-24 20:00:00,1.84818,6560.36
1144,2018-05-24 20:30:00,1.89145,6511.818
1145,2018-05-24 21:00:00,2.05345,6456.86
1146,2018-05-24 21:30:00,1.92636,6386.171
1147,2018-05-24 22:00:00,2.06982,6264.496
1148,2018-05-24 22:30:00,1.86,6131.464
1149,2018-05-24 23:00:00,1.76745,6017.298
1150,2018-05-24 23:30:00,1.76527,5879.679
1151,2018-05-25 00:00:00,1.68836,5706.33
1152,2018-05-25 00:30:00,1.78582,5546.843
1153,2018-05-25 01:00:00,1.70345,5430.828
1154,2018-05-25 01:30:00,1.76018,5374.617
1155,2018-05-25 02:00:00,1.72309,5295.301
1156,2018-05-25 02:30:00,1.69745,5236.62
1157,2018-05-25 03:00:00,1.68182,5187.815
1158,2018-05-25 03:30:00,1.67127,5138.165
1159,2018-05-25 04:00:00,1.64891,5127.067
1160,2018-05-25 04:30:00,1.64873,5129.025
1161,2018-05-25 05:00:00,1.67109,5149.014
1162,2018-05-25 05:30:00,1.69091,5224.26
1163,2018-05-25 06:00:00,1.75636,5365.661
1164,2018-05-25 06:30:00,1.76636,5531.545
1165,2018-05-25 07:00:00,1.83364,5658.827
1166,2018-05-25 07:30:00,1.68236,5831.196
1167,2018-05-25 08:00:00,1.83418,6117.771
1168,2018-05-25 08:30:00,2.05455,6442.293
1169,2018-05-25 09:00:00,2.09127,6609.697
1170,2018-05-25 09:30:00,2.05418,6689.684
1171,2018-05-25 10:00:00,2.05218,6746.193
1172,2018-05-25 10:30:00,2.09327,6827.115
1173,2018-05-25 11:00:00,2.09345,6851.801
1174,2018-05-25 11:30:00,2.09345,6845.688
1175,2018-05-25 12:00:00,1.89164,6778.111
1176,2018-05-25 12:30:00,1.87309,6721.542
1177,2018-05-25 13:00:00,1.89345,6757.435
1178,2018-05-25 13:30:00,2.09345,6816.916
1179,2018-05-25 14:00:00,2.13291,6875.448
1180,2018-05-25 14:30:00,2.09855,6852.805
1181,2018-05-25 15:00:00,2.13036,6873.013
1182,2018-05-25 15:30:00,2.13036,6867.819
1183,2018-05-25 16:00:00,2.13036,6869.32
1184,2018-05-25 16:30:00,2.09327,6838.804
1185,2018-05-25 17:00:00,2.05236,6776.038
1186,2018-05-25 17:30:00,1.89109,6706.97
1187,2018-05-25 18:00:00,1.79836,6562.189
1188,2018-05-25 18:30:00,1.77964,6464.518
1189,2018-05-25 19:00:00,1.75473,6453.455
1190,2018-05-25 19:30:00,1.71673,6456.785
1191,2018-05-25 20:00:00,1.70945,6429.564
1192,2018-05-25 20:30:00,1.69727,6379.894
1193,2018-05-25 21:00:00,1.86818,6346.784
1194,2018-05-25 21:30:00,1.86127,6299.634
1195,2018-05-25 22:00:00,2.05309,6197.808
1196,2018-05-25 22:30:00,1.92745,6085.854
1197,2018-05-25 23:00:00,1.86727,5986.901
1198,2018-05-25 23:30:00,1.912,5873.153
1199,2018-05-26 00:00:00,2.05091,5765.22
1200,2018-05-26 00:30:00,2.09182,5647.122
1201,2018-05-26 01:00:00,2.02109,5541.172
1202,2018-05-26 01:30:00,1.86982,5442.87
1203,2018-05-26 02:00:00,1.86545,5374.96
1204,2018-05-26 02:30:00,1.86418,5305.544
1205,2018-05-26 03:00:00,1.83491,5257.117
1206,2018-05-26 03:30:00,1.76436,5203.088
1207,2018-05-26 04:00:00,1.76382,5187.303
1208,2018-05-26 04:30:00,1.73873,5184.565
1209,2018-05-26 05:00:00,1.74164,5185.29
1210,2018-05-26 05:30:00,1.702,5188.093
1211,2018-05-26 06:00:00,1.77855,5280.336
1212,2018-05-26 06:30:00,1.82855,5342.317
1213,2018-05-26 07:00:00,1.82582,5378.772
1214,2018-05-26 07:30:00,1.79255,5435.629
1215,2018-05-26 08:00:00,2.03418,5645.328
1216,2018-05-26 08:30:00,2.20636,5891.353
1217,2018-05-26 09:00:00,2.12673,6041.646
1218,2018-05-26 09:30:00,2.83818,6158.779
1219,2018-05-26 10:00:00,3.964,6245.958
1220,2018-05-26 10:30:00,4.96382,6311.751
1221,2018-05-26 11:00:00,5.47782,6350.437
1222,2018-05-26 11:30:00,5.47691,6346.526
1223,2018-05-26 12:00:00,3.85655,6308.982
1224,2018-05-26 12:30:00,3.96509,6254.486
1225,2018-05-26 13:00:00,3.63236,6216.421
1226,2018-05-26 13:30:00,2.67127,6196.228
1227,2018-05-26 14:00:00,2.386,6181.139
1228,2018-05-26 14:30:00,2.242,6152.328
1229,2018-05-26 15:00:00,2.13091,6121.633
1230,2018-05-26 15:30:00,2.09218,6082.092
1231,2018-05-26 16:00:00,2.05309,6047.878
1232,2018-05-26 16:30:00,1.96145,5990.549
1233,2018-05-26 17:00:00,1.88273,5944.209
1234,2018-05-26 17:30:00,1.86582,5892.248
1235,2018-05-26 18:00:00,1.78,5855.942
1236,2018-05-26 18:30:00,1.85618,5880.335
1237,2018-05-26 19:00:00,1.88309,5951.351
1238,2018-05-26 19:30:00,2.05327,6024.107
1239,2018-05-26 20:00:00,2.05345,6051.119
1240,2018-05-26 20:30:00,2.05327,6048.614
1241,2018-05-26 21:00:00,2.05327,6045.359
1242,2018-05-26 21:30:00,1.96364,6005.668
1243,2018-05-26 22:00:00,2.36927,5949.239
1244,2018-05-26 22:30:00,2.08982,5860.445
1245,2018-05-26 23:00:00,1.96745,5772.779
1246,2018-05-26 23:30:00,1.86491,5681.043
1247,2018-05-27 00:00:00,1.87327,5555.843
1248,2018-05-27 00:30:00,1.79255,5449.123
1249,2018-05-27 01:00:00,1.73909,5351.731
1250,2018-05-27 01:30:00,1.67745,5267.211
1251,2018-05-27 02:00:00,1.89345,5195.707
1252,2018-05-27 02:30:00,1.86382,5129.855
1253,2018-05-27 03:00:00,1.85382,5086.929
1254,2018-05-27 03:30:00,1.832,5033.178
1255,2018-05-27 04:00:00,1.70164,4999.581
1256,2018-05-27 04:30:00,1.68709,4967.415
1257,2018-05-27 05:00:00,1.68655,4964.622
1258,2018-05-27 05:30:00,1.76145,5013.065
1259,2018-05-27 06:00:00,1.78236,5072.66
1260,2018-05-27 06:30:00,1.76145,5077.541
1261,2018-05-27 07:00:00,1.76127,5120.273
1262,2018-05-27 07:30:00,1.854,5169.361
1263,2018-05-27 08:00:00,1.86382,5244.011
1264,2018-05-27 08:30:00,2.08891,5346.8
1265,2018-05-27 09:00:00,2.16418,5449.813
1266,2018-05-27 09:30:00,2.24091,5559.983
1267,2018-05-27 10:00:00,4.58582,5648.802
1268,2018-05-27 10:30:00,5.066,5726.19
1269,2018-05-27 11:00:00,2.24073,5740.444
1270,2018-05-27 11:30:00,2.20345,5742.497
1271,2018-05-27 12:00:00,2.09091,5702.334
1272,2018-05-27 12:30:00,2.052,5675.998
1273,2018-05-27 13:00:00,2.05509,5694.318
1274,2018-05-27 13:30:00,2.09127,5702.747
1275,2018-05-27 14:00:00,2.09127,5720.669
1276,2018-05-27 14:30:00,2.12818,5730.107
1277,2018-05-27 15:00:00,2.09091,5730.012
1278,2018-05-27 15:30:00,1.86727,5729.575
1279,2018-05-27 16:00:00,1.86709,5728.889
1280,2018-05-27 16:30:00,1.89436,5735.782
1281,2018-05-27 17:00:00,1.86745,5724.401
1282,2018-05-27 17:30:00,1.76055,5722.821
1283,2018-05-27 18:00:00,1.68491,5728.233
1284,2018-05-27 18:30:00,1.70545,5776.571
1285,2018-05-27 19:00:00,1.79709,5881.388
1286,2018-05-27 19:30:00,1.89509,5964.745
1287,2018-05-27 20:00:00,2.05309,6003.993
1288,2018-05-27 20:30:00,2.09218,6021.433
1289,2018-05-27 21:00:00,2.12927,6072.132
1290,2018-05-27 21:30:00,2.12927,6072.341
1291,2018-05-27 22:00:00,1.92018,5994.829
1292,2018-05-27 22:30:00,1.83145,5875.564
1293,2018-05-27 23:00:00,2.05109,5775.657
1294,2018-05-27 23:30:00,2.05073,5657.892
1295,2018-05-28 00:00:00,1.86618,5540.153
1296,2018-05-28 00:30:00,1.72345,5376.128
1297,2018-05-28 01:00:00,1.678,5274.566
1298,2018-05-28 01:30:00,1.678,5219.787
1299,2018-05-28 02:00:00,1.67782,5153.432
1300,2018-05-28 02:30:00,1.65836,5087.819
1301,2018-05-28 03:00:00,1.658,5044.351
1302,2018-05-28 03:30:00,1.64764,4994.77
1303,2018-05-28 04:00:00,1.64745,4990.283
1304,2018-05-28 04:30:00,1.63273,4971.978
1305,2018-05-28 05:00:00,1.64764,5001.395
1306,2018-05-28 05:30:00,1.66727,5076.905
1307,2018-05-28 06:00:00,1.73873,5229.633
1308,2018-05-28 06:30:00,1.83473,5402.39
1309,2018-05-28 07:00:00,1.81418,5567.116
1310,2018-05-28 07:30:00,1.67964,5755.121
1311,2018-05-28 08:00:00,1.81436,6045.364
1312,2018-05-28 08:30:00,1.90709,6363.071
1313,2018-05-28 09:00:00,1.90691,6568.268
1314,2018-05-28 09:30:00,2.05309,6667.33
1315,2018-05-28 10:00:00,2.13073,6735.359
1316,2018-05-28 10:30:00,2.16964,6793.235
1317,2018-05-28 11:00:00,2.13236,6804.477
1318,2018-05-28 11:30:00,2.20291,6759.881
1319,2018-05-28 12:00:00,2.05491,6678.92
1320,2018-05-28 12:30:00,1.86836,6585.17
1321,2018-05-28 13:00:00,1.81618,6551.121
1322,2018-05-28 13:30:00,1.87127,6598.679
1323,2018-05-28 14:00:00,2.05473,6681.867
1324,2018-05-28 14:30:00,2.05473,6687.905
1325,2018-05-28 15:00:00,2.05218,6669.392
1326,2018-05-28 15:30:00,2.05127,6651.306
1327,2018-05-28 16:00:00,1.90855,6642.867
1328,2018-05-28 16:30:00,1.90709,6627.251
1329,2018-05-28 17:00:00,1.81273,6592.765
1330,2018-05-28 17:30:00,2.05309,6528.88
1331,2018-05-28 18:00:00,1.86709,6409.556
1332,2018-05-28 18:30:00,1.77655,6329.176
1333,2018-05-28 19:00:00,1.79509,6355.119
1334,2018-05-28 19:30:00,1.81527,6378.776
1335,2018-05-28 20:00:00,1.86982,6372.365
1336,2018-05-28 20:30:00,1.81273,6335.12
1337,2018-05-28 21:00:00,1.86818,6282.925
1338,2018-05-28 21:30:00,1.85727,6211.531
1339,2018-05-28 22:00:00,1.77873,6090.899
1340,2018-05-28 22:30:00,1.764,5935.671
1341,2018-05-28 23:00:00,1.67218,5796.387
1342,2018-05-28 23:30:00,1.61691,5656.317
1343,2018-05-29 00:00:00,1.588,5539.015
1344,2018-05-29 00:30:00,1.77036,5450.465
1345,2018-05-29 01:00:00,1.70927,5378.469
1346,2018-05-29 01:30:00,1.68182,5286.176
1347,2018-05-29 02:00:00,1.67491,5219.121
1348,2018-05-29 02:30:00,1.67491,5157.101
1349,2018-05-29 03:00:00,1.65109,5102.431
1350,2018-05-29 03:30:00,1.60927,5052.547
1351,2018-05-29 04:00:00,1.56418,5033.457
1352,2018-05-29 04:30:00,1.55927,4996.445
1353,2018-05-29 05:00:00,1.55927,5004.601
1354,2018-05-29 05:30:00,1.55945,5043.68
1355,2018-05-29 06:00:00,1.58673,5094.121
1356,2018-05-29 06:30:00,1.57273,5115.73
1357,2018-05-29 07:00:00,1.58673,5140.749
1358,2018-05-29 07:30:00,1.54982,5182.815
1359,2018-05-29 08:00:00,1.58709,5261.436
1360,2018-05-29 08:30:00,1.67836,5367.401
1361,2018-05-29 09:00:00,1.71345,5519.523
1362,2018-05-29 09:30:00,1.86473,5614.584
1363,2018-05-29 10:00:00,1.96182,5711.628
1364,2018-05-29 10:30:00,2.08964,5794.448
1365,2018-05-29 11:00:00,2.08945,5820.471
1366,2018-05-29 11:30:00,2.05073,5834.074
1367,2018-05-29 12:00:00,2.05073,5813.727
1368,2018-05-29 12:30:00,2.05036,5815.934
1369,2018-05-29 13:00:00,2.05055,5836.594
1370,2018-05-29 13:30:00,2.08945,5862.09
1371,2018-05-29 14:00:00,2.08945,5863.835
1372,2018-05-29 14:30:00,2.08964,5850.748
1373,2018-05-29 15:00:00,2.04891,5803.593
1374,2018-05-29 15:30:00,1.95855,5780.1
1375,2018-05-29 16:00:00,1.94455,5762.103
1376,2018-05-29 16:30:00,1.94455,5767.625
1377,2018-05-29 17:00:00,1.94582,5768.003
1378,2018-05-29 17:30:00,1.94509,5758.257
1379,2018-05-29 18:00:00,1.94491,5761.268
1380,2018-05-29 18:30:00,2.05073,5805.511
1381,2018-05-29 19:00:00,2.12855,5895.18
1382,2018-05-29 19:30:00,4.23273,5974.059
1383,2018-05-29 20:00:00,4.74618,6000.072
1384,2018-05-29 20:30:00,4.54673,6017.676
1385,2018-05-29 21:00:00,4.72945,6053.937
1386,2018-05-29 21:30:00,4.73,6067.425
1387,2018-05-29 22:00:00,4.31436,6000.783
1388,2018-05-29 22:30:00,2.12691,5891.537
1389,2018-05-29 23:00:00,1.99764,5786.849
1390,2018-05-29 23:30:00,2.05091,5658.151
1391,2018-05-30 00:00:00,1.86745,5551.356
1392,2018-05-30 00:30:00,1.77836,5457.532
1393,2018-05-30 01:00:00,1.754,5384.458
1394,2018-05-30 01:30:00,1.70218,5297.587
1395,2018-05-30 02:00:00,1.66564,5176.727
1396,2018-05-30 02:30:00,1.71818,5124.437
1397,2018-05-30 03:00:00,1.66545,5061.577
1398,2018-05-30 03:30:00,1.67455,5032.03
1399,2018-05-30 04:00:00,1.63273,5018.905
1400,2018-05-30 04:30:00,1.63236,5008.522
1401,2018-05-30 05:00:00,1.63255,5048.103
1402,2018-05-30 05:30:00,1.63273,5114.806
1403,2018-05-30 06:00:00,1.67455,5245.208
1404,2018-05-30 06:30:00,1.68491,5413.682
1405,2018-05-30 07:00:00,1.68727,5544.87
1406,2018-05-30 07:30:00,1.65818,5723.884
1407,2018-05-30 08:00:00,1.77582,6010.375
1408,2018-05-30 08:30:00,2.05091,6347.351
1409,2018-05-30 09:00:00,2.05127,6560.261
1410,2018-05-30 09:30:00,2.05145,6659.253
1411,2018-05-30 10:00:00,1.94382,6717.795
1412,2018-05-30 10:30:00,2.05218,6764.622
1413,2018-05-30 11:00:00,2.05273,6804.044
1414,2018-05-30 11:30:00,2.05291,6789.497
1415,2018-05-30 12:00:00,1.86655,6736.323
1416,2018-05-30 12:30:00,1.83091,6664.929
1417,2018-05-30 13:00:00,1.85182,6694.237
1418,2018-05-30 13:30:00,1.86782,6759.15
1419,2018-05-30 14:00:00,2.05455,6804.327
1420,2018-05-30 14:30:00,1.94182,6791.301
1421,2018-05-30 15:00:00,1.86727,6764.254
1422,2018-05-30 15:30:00,1.86727,6747.108
1423,2018-05-30 16:00:00,1.88618,6753.643
1424,2018-05-30 16:30:00,1.88618,6746.969
1425,2018-05-30 17:00:00,1.88618,6735.14
1426,2018-05-30 17:30:00,1.86982,6683.422
1427,2018-05-30 18:00:00,1.86764,6564.023
1428,2018-05-30 18:30:00,1.85982,6468.301
1429,2018-05-30 19:00:00,1.84582,6492.554
1430,2018-05-30 19:30:00,1.96255,6524.516
1431,2018-05-30 20:00:00,2.01618,6523.065
1432,2018-05-30 20:30:00,1.94055,6474.632
1433,2018-05-30 21:00:00,1.98655,6425.479
1434,2018-05-30 21:30:00,1.92927,6352.877
1435,2018-05-30 22:00:00,1.848,6236.902
1436,2018-05-30 22:30:00,1.85582,6085.407
1437,2018-05-30 23:00:00,1.68636,5942.514
1438,2018-05-30 23:30:00,1.65655,5782.664
1439,2018-05-31 00:00:00,1.56164,5591.16
1440,2018-05-31 00:30:00,1.68436,5444.481
1441,2018-05-31 01:00:00,1.66473,5356.661
1442,2018-05-31 01:30:00,1.66436,5341.781
1443,2018-05-31 02:00:00,1.634,5237.967
1444,2018-05-31 02:30:00,1.664,5173.591
1445,2018-05-31 03:00:00,1.66345,5135.227
1446,2018-05-31 03:30:00,1.63109,5104.657
1447,2018-05-31 04:00:00,1.62455,5081.527
1448,2018-05-31 04:30:00,1.62455,5083.112
1449,2018-05-31 05:00:00,1.63145,5116.128
1450,2018-05-31 05:30:00,1.67291,5190.454
1451,2018-05-31 06:00:00,1.67309,5329.758
1452,2018-05-31 06:30:00,1.70327,5492.188
1453,2018-05-31 07:00:00,1.81182,5631.248
1454,2018-05-31 07:30:00,1.67764,5805.049
1455,2018-05-31 08:00:00,1.83945,6084.651
1456,2018-05-31 08:30:00,2.01582,6410.281
1457,2018-05-31 09:00:00,2.01618,6591.716
1458,2018-05-31 09:30:00,2.05436,6693.934
1459,2018-05-31 10:00:00,1.89073,6735.781
1460,2018-05-31 10:30:00,1.92945,6789.392
1461,2018-05-31 11:00:00,2.05473,6830.619
1462,2018-05-31 11:30:00,1.91255,6813.169
1463,2018-05-31 12:00:00,1.868,6735.264
1464,2018-05-31 12:30:00,1.79291,6650.441
1465,2018-05-31 13:00:00,1.79782,6644.84
1466,2018-05-31 13:30:00,1.79836,6686.166
1467,2018-05-31 14:00:00,1.79909,6697.845
1468,2018-05-31 14:30:00,1.86745,6692.532
1469,2018-05-31 15:00:00,1.86764,6709.465
1470,2018-05-31 15:30:00,1.86727,6715.658
1471,2018-05-31 16:00:00,1.87564,6712.268
1472,2018-05-31 16:30:00,1.86836,6692.661
1473,2018-05-31 17:00:00,1.86636,6653.408
1474,2018-05-31 17:30:00,1.76364,6588.167
1475,2018-05-31 18:00:00,1.69709,6469.126
1476,2018-05-31 18:30:00,1.68873,6382.682
1477,2018-05-31 19:00:00,1.71818,6412.497
1478,2018-05-31 19:30:00,1.74545,6438.133
1479,2018-05-31 20:00:00,1.74891,6437.73
1480,2018-05-31 20:30:00,1.74327,6414.605
1481,2018-05-31 21:00:00,1.83564,6374.735
1482,2018-05-31 21:30:00,1.87,6317.849
1483,2018-05-31 22:00:00,1.926,6209.697
1484,2018-05-31 22:30:00,1.86855,6070.064
1485,2018-05-31 23:00:00,1.74764,5952.31
1486,2018-05-31 23:30:00,1.65618,5818.637
1487,2018-06-01 00:00:00,1.58891,5691.46
